,layer_id,name,D,M,N,Q,alpha,alpha_weighted,entropy,has_esd,lambda_max,layer_type,log_alpha_norm,log_norm,log_spectral_norm,longname,matrix_rank,norm,num_evals,num_pl_spikes,rank_loss,rf,sigma,spectral_norm,stable_rank,status,sv_max,sv_min,warning,weak_rank_loss,xmax,xmin
0,2,Embedding,0.015344688484305424,4096,32001,7.812744140625,3.2347023278276734,9.351186849586979,1.175808629531158,True,777.849609375,embedding,9.375475167184957,4.576758609934894,2.8908956379510036,model.embed_tokens,4096,37736.23866224289,4096,1020,0,1,0.06997124405151091,777.849609375,48.5135406734521,success,27.889955520629883,0.8130453824996948,,0,777.849609375,10.560449600219727
1,6,Linear,0.019968063369038447,4096,4096,1.0,1.5516890490385735,4.155651513357954,0.7750095133345203,True,476.5923767089844,dense,4.578780237025069,3.4842282178141835,2.678147091347197,model.layers.0.self_attn.q_proj,4096,3049.497051719327,4096,449,1070,1,0.02603581595253396,476.5923767089844,6.398543494919146,success,21.830995559692383,2.042235792032443e-06,over-trained,159,476.5923767089844,0.15108387172222137
2,7,Linear,0.03144163920563714,4096,4096,1.0,1.4586049700767454,3.703155023537836,0.8028288675453882,True,345.80670166015625,dense,4.448129639974423,3.583034295519088,2.538833405553933,model.layers.0.self_attn.k_proj,4096,3828.5497554920653,4096,613,988,1,0.018522880281694964,345.80670166015625,11.0713578918855,success,18.59587860107422,4.573001660901355e-06,over-trained,171,345.80670166015625,0.06981523334980011
3,8,Linear,0.0719196452337203,4096,4096,1.0,3.247330788142856,3.9325399138086445,1.0873487198459892,True,16.25574493408203,dense,4.881890422351613,3.312113377895597,1.2110068762220736,model.layers.0.self_attn.v_proj,4096,2051.697729746779,4096,121,18,1,0.20430279892207784,16.25574493408203,126.21370094489853,success,4.031841278076172,8.314984734170139e-05,,9,16.25574493408203,3.5670039653778076
4,9,Linear,0.05330052565730076,4096,4096,1.0,2.2254974494741493,2.858047213580227,1.0794751177692794,True,19.241037368774414,dense,3.363203002444209,2.9374156525045176,1.2842284830546713,model.layers.0.self_attn.o_proj,4096,865.7961544508274,4096,504,28,1,0.05458799505116162,19.241037368774414,44.99737399065067,success,4.386460781097412,1.3835978279530536e-05,,13,19.241037368774414,0.40921494364738464
5,12,Linear,0.013302497600742313,4096,11008,2.6875,2.6925332882417314,5.766455071228148,1.1414758002460696,True,138.5628204345703,dense,6.4147419416289955,4.084087000307496,2.141646714790939,model.layers.0.mlp.gate_proj,4096,12136.31947676465,4096,746,0,1,0.06196804646414362,138.5628204345703,87.58712790849583,success,11.771270751953125,0.1826743632555008,,0,138.5628204345703,4.232111930847168
6,13,Linear,0.026923701544490086,4096,11008,2.6875,2.9722176421327244,6.09116592959186,1.1515628571764824,True,112.03852844238281,dense,6.692194619056491,4.069340482224706,2.0493673959963186,model.layers.0.mlp.up_proj,4096,11731.147144991904,4096,580,0,1,0.08189188023346185,112.03852844238281,104.70636581972595,success,10.58482551574707,0.15680792927742004,,0,112.03852844238281,5.136739253997803
7,14,Linear,0.017740899608289618,4096,11008,2.6875,4.226097548927885,8.02307419428892,1.1771895404498323,True,79.15152740478516,dense,8.1069362054488,4.105536037440799,1.8984592999573064,model.layers.0.mlp.down_proj,4096,12750.75900426507,4096,444,0,1,0.15310381418212204,79.15152740478516,161.09302526857132,success,8.896714210510254,0.3947839140892029,,0,79.15152740478516,6.5134501457214355
8,20,Linear,0.03291303968532766,4096,4096,1.0,2.9061471367566085,7.354370565497013,0.9905457894706902,True,339.3326721191406,dense,7.767140486769781,4.070103724154522,2.5306256770277717,model.layers.1.self_attn.q_proj,4096,11751.781935719262,4096,86,237,1,0.20554513189025886,339.3326721191406,34.632037823912164,success,18.420984268188477,1.4687614566355478e-05,,46,339.3326721191406,34.54782485961914
9,21,Linear,0.03289032788183477,4096,4096,1.0,3.1108694448996053,8.114428758707396,0.9868435373897523,True,405.8932800292969,dense,8.369203098909551,4.0684694355088435,2.6084118611956946,model.layers.1.self_attn.k_proj,4096,11707.642041483332,4096,72,288,1,0.2487683497813324,405.8932800292969,28.844138638211227,success,20.146793365478516,6.42773056824808e-06,,48,405.8932800292969,38.972572326660156
10,22,Linear,0.022175651053419898,4096,4096,1.0,4.214258061072514,4.328085789951063,1.1259626961718419,True,10.641678810119629,dense,4.803342436315653,3.2290247692381957,1.0270101467990265,model.layers.1.self_attn.v_proj,4096,1694.434436842921,4096,143,12,1,0.26878976216727735,10.641678810119629,159.22623366828273,success,3.2621586322784424,3.7803871236974373e-05,,8,10.641678810119629,2.1217563152313232
11,23,Linear,0.01834545095901663,4096,4096,1.0,3.7912789572671604,4.456139905567366,1.1214345633625205,True,14.974967002868652,dense,4.577218605696987,3.0578018891452765,1.1753658741005575,model.layers.1.self_attn.o_proj,4096,1142.3571101849668,4096,86,19,1,0.3009913507465198,14.974967002868652,76.28444923892876,success,3.8697502613067627,3.7628853988280753e-06,,11,14.974967002868652,1.5083398818969727
12,26,Linear,0.01245222733566742,4096,11008,2.6875,2.617588382998462,6.026364386836534,1.1405215691085497,True,200.56642150878906,dense,6.442306470142192,4.175295159190449,2.3022582259221753,model.layers.1.mlp.gate_proj,4096,14972.528870953247,4096,683,0,1,0.06189529931523844,200.56642150878906,74.65122405994133,success,14.162147521972656,0.13200289011001587,,0,200.56642150878906,5.512960910797119
13,27,Linear,0.061525134629974665,4096,11008,2.6875,4.015687851923149,6.9707825511339125,1.1722117975903756,True,54.4361686706543,dense,7.298480613717436,4.123059502439961,1.7358875510693748,model.layers.1.mlp.up_proj,4096,13275.763357486576,4096,395,0,1,0.1517357231224266,54.4361686706543,243.87762184011558,success,7.378087043762207,0.12634238600730896,,0,54.4361686706543,7.658052921295166
14,28,Linear,0.02127298906829589,4096,11008,2.6875,4.8427147393058885,7.974254524605702,1.1886270627777076,True,44.32509231567383,dense,8.187513322669037,4.135652105139425,1.646649648777095,model.layers.1.mlp.down_proj,4096,13666.336348488927,4096,510,0,1,0.1701582687006811,44.32509231567383,308.3205388758178,success,6.657709121704102,0.4558596611022949,,0,44.32509231567383,6.080454349517822
15,34,Linear,0.021670862498686883,4096,4096,1.0,3.0607440968324253,7.40766848119565,1.0727644352304306,True,263.1589660644531,dense,7.616232055402654,4.0753931253128055,2.420218171411936,model.layers.2.self_attn.q_proj,4096,11895.785520571026,4096,112,104,1,0.1947220141415359,263.1589660644531,45.20380095146559,success,16.22217559814453,7.577034011774231e-06,,17,263.1589660644531,20.429636001586914
16,35,Linear,0.026740446490642666,4096,4096,1.0,3.328193649638445,8.542983113128148,1.0708480946870156,True,368.8525390625,dense,8.598906365539532,4.1193291063912145,2.5668527773485197,model.layers.2.self_attn.k_proj,4096,13162.218813446094,4096,105,148,1,0.22720843525204704,368.8525390625,35.684229928035904,success,19.205533981323242,1.6109022908494808e-05,,23,368.8525390625,24.488054275512695
17,36,Linear,0.023398565509339386,4096,4096,1.0,4.116041654870855,4.514915303610185,1.1459123701932261,True,12.499916076660156,dense,5.4212835216178785,3.5380877498087693,1.0969070972027966,model.layers.2.self_attn.v_proj,4096,3452.134831578188,4096,190,6,1,0.22606142149623035,12.499916076660156,276.1726407126856,success,3.535521984100342,0.00016192397742997855,,4,12.499916076660156,3.2183775901794434
18,37,Linear,0.013362509220338326,4096,4096,1.0,4.418251133389708,6.889028068031242,1.1530147076766453,True,36.24270248413086,dense,6.8968630117775875,3.5115366838347755,1.559220573943686,model.layers.2.self_attn.o_proj,4096,3247.4067109106386,4096,271,11,1,0.20764396873608537,36.24270248413086,89.60167118698006,success,6.020191192626953,4.654023939565377e-07,,4,36.24270248413086,2.402961015701294
19,40,Linear,0.015208303037404808,4096,11008,2.6875,2.8618666685331355,5.873438317960429,1.1615200915104853,True,112.80030059814453,dense,6.520568857334534,4.199389749181121,2.0523102569872305,model.layers.2.mlp.gate_proj,4096,15826.677366778255,4096,901,0,1,0.06202777197798959,112.80030059814453,140.30704956329336,success,10.620748519897461,0.14127008616924286,,0,112.80030059814453,4.98131799697876
20,41,Linear,0.06639782595066823,4096,11008,2.6875,3.833328462118606,5.040434485887675,1.1815251703703298,True,20.64893341064453,dense,6.682447028585865,4.138545432702751,1.3148976237486119,model.layers.2.mlp.up_proj,4096,13757.687255790457,4096,643,0,1,0.11173556718409938,20.64893341064453,666.2662415627901,success,4.54410982131958,0.12663306295871735,,0,20.64893341064453,5.981722354888916
21,42,Linear,0.018187125591107578,4096,11008,2.6875,5.345806208215529,8.060156557958951,1.1910400711914646,True,32.19239044189453,dense,8.37842143935743,4.144020205308427,1.5077532263649889,model.layers.2.mlp.down_proj,4096,13932.216202959418,4096,455,0,1,0.20373453746688444,32.19239044189453,432.77979707988106,success,5.673833847045898,0.36077243089675903,,0,32.19239044189453,6.3413872718811035
22,48,Linear,0.025580571129385943,4096,4096,1.0,4.121227317839271,9.295365292431914,1.1074205724435928,True,180.08798217773438,dense,9.340977766313221,4.027528603642289,2.2554847319864426,model.layers.3.self_attn.q_proj,4096,10654.390336436962,4096,35,38,1,0.5275837095293471,180.08798217773438,59.16213956976771,success,13.419686317443848,7.993842154974118e-05,,7,180.08798217773438,27.974544525146484
23,49,Linear,0.03848449842428492,4096,4096,1.0,3.160724229620779,7.493239953125949,1.1117694892819625,True,234.8200225830078,dense,7.556489185538792,4.061887628213309,2.3707351254826117,model.layers.3.self_attn.k_proj,4096,11531.548454728863,4096,267,51,1,0.13223417538722065,234.8200225830078,49.108028897546475,success,15.323838233947754,8.090599294519052e-06,,9,234.8200225830078,10.54056453704834
24,50,Linear,0.04725089962453122,4096,4096,1.0,5.043953093511084,4.917894811259221,1.1517693910450986,True,9.440783500671387,dense,5.66618083428593,3.4923515117735406,0.9750080383550684,model.layers.3.self_attn.v_proj,4096,3107.0733916615495,4096,90,7,1,0.42627008421263035,9.440783500671387,329.1118148658518,success,3.0725858211517334,0.00024148989177774638,,4,9.440783500671387,3.537445545196533
25,51,Linear,0.01336098494627369,4096,4096,1.0,4.245009185260608,6.818005139882021,1.1496836830505799,True,40.37593460083008,dense,6.82401409549453,3.4733991389710552,1.6061225882750245,model.layers.3.self_attn.o_proj,4096,2974.3984010995923,4096,217,13,1,0.22028557724266093,40.37593460083008,73.66760498563029,success,6.354206085205078,1.124615937442286e-05,,5,40.37593460083008,2.4183197021484375
26,54,Linear,0.016828868902346028,4096,11008,2.6875,3.926663402524648,7.804143363488277,1.1811239237134257,True,97.15708923339844,dense,7.988007642075451,4.212077045800141,1.987474495132586,model.layers.3.mlp.gate_proj,4096,16295.851027458906,4096,585,0,1,0.12100263945469816,97.15708923339844,167.72683451139346,success,9.856829643249512,0.22106531262397766,,0,97.15708923339844,6.925851345062256
27,55,Linear,0.029338084902061135,4096,11008,2.6875,8.755445428720124,11.17169824948934,1.1898633842915267,True,18.878671646118164,dense,11.617114444584466,4.1449233161847365,1.2759714329145702,model.layers.3.mlp.up_proj,4096,13961.218246504664,4096,77,0,1,0.8838150317582093,18.878671646118164,739.5233366101461,success,4.344959259033203,0.19714972376823425,under-trained,0,18.878671646118164,9.67584228515625
28,56,Linear,0.034640923742850216,4096,11008,2.6875,4.106438897322956,6.598663157702592,1.1837651198406773,True,40.448875427246094,dense,7.179607522524629,4.146621321738429,1.6069064517200902,model.layers.3.mlp.down_proj,4096,14015.91069804132,4096,438,0,1,0.14843139201075023,40.448875427246094,346.5092799242645,success,6.35994291305542,0.35891667008399963,,0,40.448875427246094,6.822168827056885
29,62,Linear,0.03065983529130123,4096,4096,1.0,2.7755035160078525,6.325924666600433,1.101186861550626,True,190.19493103027344,dense,6.681451580426929,4.063986286306525,2.2791989381801727,model.layers.4.self_attn.q_proj,4096,11587.40766082638,4096,274,36,1,0.10726209008057533,190.19493103027344,60.92385111452842,success,13.791117668151855,5.87135182286147e-05,,6,190.19493103027344,9.985810279846191
30,63,Linear,0.033244938046842476,4096,4096,1.0,4.030506851860848,9.652271191687795,1.1058559543692668,True,248.2008819580078,dense,9.674698098469795,4.082158848336878,2.394803320389204,model.layers.4.self_attn.k_proj,4096,12082.556880858681,4096,28,47,1,0.5727119626072187,248.2008819580078,48.68055578828638,success,15.754392623901367,6.102010593167506e-05,,7,248.2008819580078,34.230506896972656
31,64,Linear,0.05011653656551812,4096,4096,1.0,4.859704149543337,4.77943498210027,1.1516253418666942,True,9.626816749572754,dense,5.770732628441823,3.539174415626755,0.9834827049192677,model.layers.4.self_attn.v_proj,4096,3460.7833734198457,4096,106,6,1,0.37488760733331106,9.626816749572754,359.49405327295113,success,3.1027112007141113,0.00018758740043267608,,3,9.626816749572754,3.8147330284118652
32,65,Linear,0.03933559573897183,4096,4096,1.0,4.1469796251213795,6.346638659885626,1.1511867107697598,True,33.91754150390625,dense,6.367691987360207,3.520249352315465,1.5304243651064149,model.layers.4.self_attn.o_proj,4096,3313.212966364196,4096,254,11,1,0.19745906344339156,33.91754150390625,97.68434914372011,success,5.823876857757568,0.00015917311247903854,,5,33.91754150390625,2.5817172527313232
33,68,Linear,0.015449881194310927,4096,11008,2.6875,3.670250862525139,7.6215286063712435,1.1798793131420657,True,119.28033447265625,dense,7.766318706560697,4.229994583963434,2.076568848246961,model.layers.4.mlp.gate_proj,4096,16982.224739924073,4096,675,0,1,0.10277800361884797,119.28033447265625,142.37237693039054,success,10.921553611755371,0.19131456315517426,,0,119.28033447265625,6.642360210418701
34,69,Linear,0.04210423592968704,4096,11008,2.6875,6.306478249548622,7.983215795929586,1.1905006525568762,True,18.444862365722656,dense,8.85901964579968,4.138645361602949,1.2658754188997599,model.layers.4.mlp.up_proj,4096,13760.853192251176,4096,250,0,1,0.33561115245434026,18.444862365722656,746.0534494322878,success,4.294748306274414,0.16653145849704742,under-trained,0,18.444862365722656,7.608783721923828
35,70,Linear,0.03959806318832976,4096,11008,2.6875,4.157304869135576,6.639002686526542,1.1840241059612886,True,39.5319938659668,dense,7.1939660523867115,4.136476672059919,1.5969487193050105,model.layers.4.mlp.down_proj,4096,13692.308387741446,4096,418,0,1,0.15442882906250163,39.5319938659668,346.360176877625,success,6.287447452545166,0.38900572061538696,,0,39.5319938659668,6.794739246368408
36,76,Linear,0.04180962400518873,4096,4096,1.0,2.8199968875144172,6.417799184017641,1.1048495449434352,True,188.71995544433594,dense,6.741204793414122,4.068442708003684,2.2758178253431955,model.layers.5.self_attn.q_proj,4096,11706.921547791828,4096,265,35,1,0.11180152006530965,188.71995544433594,62.03329965942501,success,13.73753833770752,5.553618393605575e-05,,7,188.71995544433594,10.334839820861816
37,77,Linear,0.03945853375182348,4096,4096,1.0,3.4751509561285996,8.469654893587093,1.1066277579868105,True,273.65594482421875,dense,8.514915701960168,4.103401017176434,2.437204887071291,model.layers.5.self_attn.k_proj,4096,12688.229259670887,4096,82,47,1,0.27333469735089677,273.65594482421875,46.3656262531446,success,16.54254913330078,3.227263368899003e-05,,7,273.65594482421875,21.62107276916504
38,78,Linear,0.04443745111723263,4096,4096,1.0,4.48272614086422,4.273803801523937,1.1525426466478927,True,8.982431411743164,dense,5.465340646266839,3.561411327292411,0.9533939096935318,model.layers.5.self_attn.v_proj,4096,3642.5986918668127,4096,230,5,1,0.22964416114709318,8.982431411743164,405.52479889851077,success,2.997070550918579,0.00011572153744054958,,4,8.982431411743164,3.0339958667755127
39,79,Linear,0.033099517310442805,4096,4096,1.0,4.886645155090846,7.354524812322673,1.149535131622643,True,31.99081802368164,dense,7.36517180931342,3.542458871659271,1.5050253453866649,model.layers.5.self_attn.o_proj,4096,3487.055596304663,4096,62,10,1,0.4936044283012125,31.99081802368164,109.00176399751086,success,5.656042575836182,7.640196417924017e-05,,4,31.99081802368164,4.43810510635376
40,82,Linear,0.016114680596415187,4096,11008,2.6875,3.4902262311210777,7.618189836741715,1.1768206083664037,True,152.307373046875,dense,7.731481573053538,4.235002520968713,2.1827209276043735,model.layers.5.mlp.gate_proj,4096,17179.18359206617,4096,756,0,1,0.09056865239426139,152.307373046875,112.79285597539,success,12.341287612915039,0.2746245265007019,,0,152.307373046875,6.320500373840332
41,83,Linear,0.030768806991351205,4096,11008,2.6875,5.806493948641931,7.537031517507873,1.1899663259396638,True,19.8625431060791,dense,8.459121390542414,4.138645775463694,1.298034852730828,model.layers.5.mlp.up_proj,4096,13760.866305656731,4096,267,0,1,0.29415265265659596,19.8625431060791,692.8048554590727,success,4.4567413330078125,0.2161693274974823,,0,19.8625431060791,7.498501300811768
42,84,Linear,0.02556948764346645,4096,11008,2.6875,5.903317966349688,9.549622995898675,1.1831338153005735,True,41.46392822265625,dense,9.70198077909094,4.137233098897903,1.6176704440339806,model.layers.5.mlp.down_proj,4096,13716.177570968866,4096,66,0,1,0.6035567192237327,41.46392822265625,330.79783221007574,success,6.439249038696289,0.31337785720825195,,0,41.46392822265625,12.254425048828125
43,90,Linear,0.04226304184970936,4096,4096,1.0,2.461300006359548,5.364902916723807,1.097544093965534,True,151.2526397705078,dense,5.971510096340372,4.018160326000749,2.179702963012181,model.layers.6.self_attn.q_proj,4096,10427.02286768551,4096,415,26,1,0.07173239607873266,151.2526397705078,68.93779099330891,success,12.298480987548828,5.4055559303378686e-05,,5,151.2526397705078,6.306387424468994
44,91,Linear,0.04877484880652344,4096,4096,1.0,2.508715434285065,5.838006770185356,1.102325076969053,True,212.3684844970703,dense,6.152280143842172,4.0352291249969525,2.327090067849435,model.layers.6.self_attn.k_proj,4096,10844.989228452177,4096,466,30,1,0.0698898928887735,212.3684844970703,51.06684852102802,success,14.572868347167969,8.472939043713268e-07,,6,212.3684844970703,6.180123805999756
45,92,Linear,0.053130486173248614,4096,4096,1.0,4.2018982579427835,4.012872758001236,1.1478644320115718,True,9.016007423400879,dense,5.164537619361517,3.4962644555851004,0.9550142606179871,model.layers.6.self_attn.v_proj,4096,3135.1942616793335,4096,199,6,1,0.22697654954045718,9.016007423400879,347.73643304041605,success,3.002666711807251,0.00015866155445110053,,5,9.016007423400879,2.867138147354126
46,93,Linear,0.03172244874638941,4096,4096,1.0,3.837296612748805,5.83998002089841,1.1430903590252686,True,33.258262634277344,dense,5.890058063674443,3.4840168230895068,1.5218995585319126,model.layers.6.self_attn.o_proj,4096,3048.013056988904,4096,225,11,1,0.18915310751658698,33.258262634277344,91.64679137049977,success,5.766997814178467,2.4547754946979694e-05,,5,33.258262634277344,2.6176695823669434
47,96,Linear,0.014560132033641482,4096,11008,2.6875,3.415151525569365,7.814381678483579,1.1745143170913213,True,194.15599060058594,dense,7.8855826292564615,4.2496914010124955,2.288150795060487,model.layers.6.mlp.gate_proj,4096,17770.162572212517,4096,731,0,1,0.08932760599136073,194.15599060058594,91.52518301003116,success,13.93398666381836,0.27908560633659363,,0,194.15599060058594,6.6170854568481445
48,97,Linear,0.022279522833343557,4096,11008,2.6875,5.610477163139493,7.583783110804438,1.189642452095531,True,22.475948333740234,dense,8.335431576819918,4.135593548272463,1.3517180250958776,model.layers.6.mlp.up_proj,4096,13664.493810936809,4096,294,0,1,0.2688884885820541,22.475948333740234,607.9607235270279,success,4.740880489349365,0.2677536606788635,,0,22.475948333740234,7.261422157287598
49,98,Linear,0.028934079157949433,4096,11008,2.6875,5.215604432891245,8.333667477867733,1.1820882897311409,True,39.612613677978516,dense,8.7625109030766,4.1322651296792365,1.5978334985132308,model.layers.6.mlp.down_proj,4096,13560.169859103858,4096,83,0,1,0.4627227009855658,39.612613677978516,342.3194937182911,success,6.2938551902771,0.25876909494400024,,0,39.612613677978516,11.633452415466309
50,104,Linear,0.0353449232989802,4096,4096,1.0,2.631233009995159,5.6346270203307975,1.1008913310755077,True,138.49681091308594,dense,6.214117938088979,4.016524958047231,2.1414397732647648,model.layers.7.self_attn.q_proj,4096,10387.832975344394,4096,316,22,1,0.09176402615683465,138.49681091308594,75.00413119160778,success,11.76846694946289,0.0002552729856688529,,3,138.49681091308594,7.888186931610107
51,105,Linear,0.03780880254828617,4096,4096,1.0,2.756976554481209,6.265001013050217,1.1040883261951553,True,187.24801635742188,dense,6.531430702365971,4.020690388870908,2.272417225626036,model.layers.7.self_attn.k_proj,4096,10487.944702323617,4096,271,26,1,0.10672872486900982,187.24801635742188,56.01097894839146,success,13.683859825134277,6.151648995000869e-05,,4,187.24801635742188,8.991461753845215
52,106,Linear,0.03949202053802503,4096,4096,1.0,4.232193276621753,4.205111485551995,1.145643871510033,True,9.853737831115723,dense,5.31544129792839,3.507278547103681,0.9936010032388277,model.layers.7.self_attn.v_proj,4096,3215.722372259576,4096,166,7,1,0.25086685108344475,9.853737831115723,326.34543635868835,success,3.139066457748413,5.537021206691861e-05,,5,9.853737831115723,3.172393798828125
53,107,Linear,0.0324973418135614,4096,4096,1.0,4.391440188787368,6.472768584140913,1.1470113146912742,True,29.781818389892578,dense,6.492944676336189,3.4908142632275228,1.4739512109644086,model.layers.7.self_attn.o_proj,4096,3096.0948945015393,4096,200,13,1,0.23981103554801328,29.781818389892578,103.95922955303156,success,5.457272052764893,7.251759961945936e-05,,5,29.781818389892578,2.770080804824829
54,110,Linear,0.008784502159888907,4096,11008,2.6875,3.3915663551150725,7.730020402108256,1.173435414950857,True,190.19053649902344,dense,7.806051185346417,4.249195430705834,2.2791889035135755,model.layers.7.mlp.gate_proj,4096,17749.88038418442,4096,577,0,1,0.09956221007876656,190.19053649902344,93.32683271691364,success,13.790958404541016,0.34299591183662415,,0,190.19053649902344,7.434577465057373
55,111,Linear,0.025143597543306084,4096,11008,2.6875,5.490532345968533,7.660129715806475,1.1888307083713976,True,24.840049743652344,dense,8.288905724366721,4.1386512689107295,1.3951524612055124,model.layers.7.mlp.up_proj,4096,13761.040369734168,4096,251,0,1,0.2834398883704986,24.840049743652344,553.9860230453315,success,4.983979225158691,0.3104107677936554,,0,24.840049743652344,7.681047439575195
56,112,Linear,0.03411067754636443,4096,11008,2.6875,4.012824714379921,6.650109116377861,1.1806415276968047,True,45.41653060913086,dense,7.172578180361059,4.133719064969839,1.6572139551840517,model.layers.7.mlp.down_proj,4096,13605.64280255884,4096,334,0,1,0.164854433698688,45.41653060913086,299.5746839328908,success,6.739178657531738,0.34576892852783203,,0,45.41653060913086,7.482536792755127
57,118,Linear,0.04303394975093355,4096,4096,1.0,4.892125354777116,10.548595031589265,1.1072080194162535,True,143.29786682128906,dense,10.590920954886059,4.024987673664352,2.1562397253963774,model.layers.8.self_attn.q_proj,4096,10592.236614021129,4096,35,20,1,0.6578892607053234,143.29786682128906,73.91761544664872,success,11.970708847045898,0.00017383416707161814,,4,143.29786682128906,30.458614349365234
58,119,Linear,0.018799657371593947,4096,4096,1.0,3.5181815411923063,8.124103902917119,1.1142561830655662,True,203.78724670410156,dense,8.171243031828087,4.030015018144074,2.3091770017541142,model.layers.8.self_attn.k_proj,4096,10715.563596101978,4096,147,25,1,0.20769611295367496,203.78724670410156,52.58211085044464,success,14.275406837463379,6.912666867719963e-05,,5,203.78724670410156,13.377806663513184
59,120,Linear,0.04664481586155167,4096,4096,1.0,3.542806718506817,3.742737034475708,1.1414550350708434,True,11.387614250183105,dense,4.997730074135338,3.5306837908439146,1.0564327472126833,model.layers.8.self_attn.v_proj,4096,3393.78081943074,4096,299,7,1,0.14705430944165684,11.387614250183105,298.0238656552816,success,3.374553918838501,3.173911682097241e-05,,4,11.387614250183105,2.6621549129486084
60,121,Linear,0.04354841896564898,4096,4096,1.0,4.404577601795056,6.110426754035617,1.1461993614280201,True,24.39439582824707,dense,6.173949835405255,3.516614085859189,1.3872900664856838,model.layers.8.self_attn.o_proj,4096,3285.5954306203707,4096,173,10,1,0.2588452418514959,24.39439582824707,134.68648511539982,success,4.93906831741333,0.00011569498747121543,,4,24.39439582824707,3.1683709621429443
61,124,Linear,0.008464326391610266,4096,11008,2.6875,3.4266829501163114,7.622421856843805,1.1733074919454232,True,167.66082763671875,dense,7.7184294892981065,4.235276999426607,2.224431605668414,model.layers.8.mlp.gate_proj,4096,17190.044439703226,4096,452,0,1,0.1141415646062543,167.66082763671875,102.5286865274814,success,12.94839096069336,0.3253692090511322,,0,167.66082763671875,8.120223045349121
62,125,Linear,0.02108435614165116,4096,11008,2.6875,4.86969168703034,7.113055405116416,1.1872219574790166,True,28.885427474975586,dense,7.824902052360367,4.149365591056754,1.4606787990420265,model.layers.8.mlp.up_proj,4096,14104.756435744464,4096,302,0,1,0.22267573425216494,28.885427474975586,488.3000761530667,success,5.374516487121582,0.31181997060775757,,0,28.885427474975586,7.6007490158081055
63,126,Linear,0.03465116986452471,4096,11008,2.6875,3.9120113006336457,6.641435274773407,1.1792750424935647,True,49.854400634765625,dense,7.162146454222768,4.1427855003204,1.697703499398804,model.layers.8.mlp.down_proj,4096,13892.662978813052,4096,322,0,1,0.16228004526163464,49.854400634765625,278.6647277256624,success,7.060764789581299,0.3606584370136261,,0,49.854400634765625,7.839946269989014
64,132,Linear,0.034053620032856835,4096,4096,1.0,3.0115913547933038,6.550156108906602,1.1140567376307822,True,149.6172637939453,dense,6.8179343138821515,4.026094318454683,2.174981708086409,model.layers.9.self_attn.q_proj,4096,10619.26157316851,4096,258,20,1,0.12523620750126166,149.6172637939453,70.97617817549106,success,12.231813430786133,2.7020725610782392e-05,,5,149.6172637939453,9.591715812683105
65,133,Linear,0.02320970109235765,4096,4096,1.0,2.948484804766027,6.7964255388209995,1.1144183352204142,True,201.86312866210938,dense,6.9518881441844345,4.047653547926119,2.3050570000683184,model.layers.9.self_attn.k_proj,4096,11159.7264173355,4096,312,23,1,0.11031122979081441,201.86312866210938,55.28362951321992,success,14.207854270935059,4.744620673591271e-05,,3,201.86312866210938,8.724894523620605
66,134,Linear,0.05905831972296549,4096,4096,1.0,3.584349837546245,3.6588236388408855,1.1423589675725219,True,10.4900484085083,dense,5.015312989452634,3.547736314791055,1.020777492340319,model.layers.9.self_attn.v_proj,4096,3529.6879702076762,4096,317,8,1,0.14515154794252577,10.4900484085083,336.4796646071534,success,3.2388343811035156,3.484894841676578e-05,,4,10.4900484085083,2.7155303955078125
67,135,Linear,0.04893986570881814,4096,4096,1.0,3.838898342400587,5.447734323528314,1.1446931689157565,True,26.247499465942383,dense,5.596063050342077,3.5359001106802386,1.4190879355564467,model.layers.9.self_attn.o_proj,4096,3434.789374016057,4096,272,11,1,0.172133495972184,26.247499465942383,130.86158468058608,success,5.123231410980225,6.17213809164241e-05,,5,26.247499465942383,2.768908739089966
68,138,Linear,0.012178268396964231,4096,11008,2.6875,3.4132194052099987,7.61215177902153,1.1727718105512412,True,169.90142822265625,dense,7.6996480904910145,4.226830283895016,2.2301970296436866,model.layers.9.mlp.gate_proj,4096,16858.940732233226,4096,419,0,1,0.11789348270433678,169.90142822265625,99.22777523764863,success,13.034624099731445,0.31333816051483154,,0,169.90142822265625,8.282962799072266
69,139,Linear,0.026101551502563547,4096,11008,2.6875,4.664942108915328,6.815627095357415,1.1864104793858485,True,28.908891677856445,dense,7.671200330795786,4.155231415847317,1.4610314418118588,model.layers.9.mlp.up_proj,4096,14296.555542364717,4096,306,0,1,0.20951079543606044,28.908891677856445,494.53834832815653,success,5.376698970794678,0.3296089470386505,,0,28.908891677856445,7.723400592803955
70,140,Linear,0.03167845978368011,4096,11008,2.6875,3.9423253528204922,6.708970715524894,1.179617102497883,True,50.32456970214844,dense,7.22352919645599,4.148760534381872,1.7017800701621537,model.layers.9.mlp.down_proj,4096,14085.119449183345,4096,325,0,1,0.16321084505679936,50.32456970214844,279.8855416459135,success,7.0939812660217285,0.399562805891037,,0,50.32456970214844,7.88654899597168
71,146,Linear,0.04174990129943512,4096,4096,1.0,3.160533644120819,6.842587807310293,1.1033203151686501,True,146.22117614746094,dense,7.153139218399461,4.02496167439513,2.1650102728818537,model.layers.10.self_attn.q_proj,4096,10591.602523145393,4096,131,20,1,0.18876670094210146,146.22117614746094,72.43548986683015,success,12.092194557189941,2.244324150524335e-06,,4,146.22117614746094,15.079509735107422
72,147,Linear,0.02781743623618821,4096,4096,1.0,2.784001592883027,6.434824206383088,1.105363580509623,True,204.81320190429688,dense,6.687245288762795,4.05110994607874,2.3113579470762375,model.layers.10.self_attn.k_proj,4096,11248.897152302963,4096,277,22,1,0.1071902671407634,204.81320190429688,54.92271517516355,success,14.311296463012695,2.5397637728019617e-05,,3,204.81320190429688,9.392898559570312
73,148,Linear,0.0683092956256609,4096,4096,1.0,3.3235420146159163,3.3806579726458446,1.140314777028161,True,10.40363883972168,dense,4.834732376782058,3.539076021148219,1.0171852673379034,model.layers.10.self_attn.v_proj,4096,3459.999381410179,4096,387,7,1,0.11811227844555576,10.40363883972168,332.5758837571049,success,3.2254672050476074,1.2143994354119059e-05,,5,10.40363883972168,2.415621519088745
74,149,Linear,0.0480121854614996,4096,4096,1.0,5.170250052699647,6.555362926320176,1.1404760099730091,True,18.53107261657715,dense,6.7069917572071,3.5322378362832656,1.2679005579038276,model.layers.10.self_attn.o_proj,4096,3405.9466131148533,4096,70,9,1,0.49844021710648806,18.53107261657715,183.79651753498777,success,4.304773330688477,2.6171759600401856e-05,,4,18.53107261657715,4.839532375335693
75,152,Linear,0.013150177632474336,4096,11008,2.6875,3.4423134804087603,7.71375171382861,1.171530062402255,True,174.1256103515625,dense,7.793771284730765,4.224106243417219,2.240862651739851,model.layers.10.mlp.gate_proj,4096,16753.526749774814,4096,362,0,1,0.12836514665028018,174.1256103515625,96.21517889269226,success,13.195666313171387,0.2923333942890167,,0,174.1256103515625,8.928855895996094
76,153,Linear,0.024634288629146517,4096,11008,2.6875,4.517510830985772,6.753698205121247,1.1852625102017333,True,31.261104583740234,dense,7.609379128183824,4.1643151517657495,1.4950043193692826,model.layers.10.mlp.up_proj,4096,14598.732531033456,4096,296,0,1,0.20445116417895282,31.261104583740234,466.99349640468756,success,5.591163158416748,0.30049028992652893,,0,31.261104583740234,8.070162773132324
77,154,Linear,0.03201884800886379,4096,11008,2.6875,3.6516506677802387,6.204414302348763,1.178400065126301,True,50.01164627075195,dense,6.905336165742973,4.156155632500743,1.6990711507791338,model.layers.10.mlp.down_proj,4096,14327.01225913316,4096,466,0,1,0.12283534518053427,50.01164627075195,286.47351821953424,success,7.0718913078308105,0.2537180781364441,,0,50.01164627075195,6.892022132873535
78,160,Linear,0.052162034948990466,4096,4096,1.0,2.440304096421266,5.117317356430007,1.0963397521688898,True,125.02586364746094,dense,5.819585873458365,3.9807334548679325,2.0969998632279525,model.layers.11.self_attn.q_proj,4096,9566.067805209095,4096,430,21,1,0.06945763122417967,125.02586364746094,76.51271125935043,success,11.181496620178223,7.324155740207061e-05,,4,125.02586364746094,5.748524188995361
79,161,Linear,0.04366720512890576,4096,4096,1.0,3.2129329392591006,7.143501566598366,1.1013607939717889,True,167.24703979492188,dense,7.303312107139455,3.9783155263621945,2.2233584396709043,model.layers.11.self_attn.k_proj,4096,9512.956839825176,4096,112,23,1,0.20910250804795655,167.24703979492188,56.879672438387864,success,12.932402610778809,9.532710100756958e-05,,4,167.24703979492188,14.937701225280762
80,162,Linear,0.07026437808551017,4096,4096,1.0,8.980208490699486,9.543161540989157,1.1362223807748755,True,11.552824974060059,dense,10.176522120353976,3.575556851951532,1.0626881938067143,model.layers.11.self_attn.v_proj,4096,3763.196117102375,4096,24,7,1,1.6289532369366349,11.552824974060059,325.73817447697894,success,3.398944616317749,4.0788720070850104e-05,under-trained,4,11.552824974060059,7.790910243988037
81,163,Linear,0.060861828856718425,4096,4096,1.0,5.289187785477337,7.954440466694511,1.1354034532994752,True,31.90846061706543,dense,7.9695793470133305,3.567258466984902,1.5039058527162203,model.layers.11.self_attn.o_proj,4096,3691.9725807752025,4096,86,12,1,0.46251501369833586,31.90846061706543,115.70512990528427,success,5.648757457733154,0.00011975650704698637,,5,31.90846061706543,5.335108280181885
82,166,Linear,0.012933670163415845,4096,11008,2.6875,3.4187277908152294,7.74137629241054,1.1714076573342351,True,183.82418823242188,dense,7.80824487018131,4.2209414023423175,2.264402656803668,model.layers.11.mlp.gate_proj,4096,16631.882277406752,4096,455,0,1,0.1133917078006072,183.82418823242188,90.47711532052513,success,13.558177947998047,0.2929931581020355,,0,183.82418823242188,7.996153831481934
83,167,Linear,0.02603677267642579,4096,11008,2.6875,4.740973464156475,7.150006139769259,1.1853660596651023,True,32.220359802246094,dense,7.89472703971888,4.1716585973737805,1.5081303858429007,model.layers.11.mlp.up_proj,4096,14847.679945118725,4096,220,0,1,0.2522163795012934,32.220359802246094,460.8167021177612,success,5.676298141479492,0.3023677170276642,,0,32.220359802246094,8.98117733001709
84,168,Linear,0.02225874489532853,4096,11008,2.6875,3.6533540191815135,6.378908937228559,1.1796071873388367,True,55.723941802978516,dense,6.933902943452486,4.161823270569279,1.7460418299833067,model.layers.11.mlp.down_proj,4096,14515.208234116435,4096,501,0,1,0.11854311520240053,55.723941802978516,260.48423288929246,success,7.464847087860107,0.3825763761997223,,0,55.723941802978516,6.652758598327637
85,174,Linear,0.04142134020689647,4096,4096,1.0,2.818646629234544,6.042838927558484,1.112197399791453,True,139.2770538330078,dense,6.3993059581320715,3.998376782832076,2.1438795714521794,model.layers.12.self_attn.q_proj,4096,9962.693804630737,4096,325,19,1,0.10088036421007529,139.2770538330078,71.53148009991607,success,11.801569938659668,0.00013014013529755175,,3,139.2770538330078,7.645843982696533
86,175,Linear,0.030057943016836952,4096,4096,1.0,2.994467277811346,6.78864392969166,1.1088866777844824,True,184.95339965820312,dense,6.98521531765969,4.024937494340363,2.267062318561542,model.layers.12.self_attn.k_proj,4096,10591.012834787974,4096,161,21,1,0.15718604165464933,184.95339965820312,57.26314225291526,success,13.599757194519043,3.433005258557387e-05,,3,184.95339965820312,12.354662895202637
87,176,Linear,0.05474716362334592,4096,4096,1.0,3.7986748219135,3.8840656004063727,1.1429574457252538,True,10.531229972839355,dense,5.215058134361553,3.56453694553479,1.0224790966576758,model.layers.12.self_attn.v_proj,4096,3668.9090461024557,4096,292,6,1,0.16378005589284125,10.531229972839355,348.383717340214,success,3.245185613632202,5.479848368850071e-06,,5,10.531229972839355,2.9773950576782227
88,177,Linear,0.03278810696872492,4096,4096,1.0,4.512036298267095,6.2689033340218705,1.1446687147632195,True,24.511699676513672,dense,6.357138708553102,3.5571399081481574,1.389373426900294,model.layers.12.self_attn.o_proj,4096,3606.948222942093,4096,160,10,1,0.2776508481927621,24.511699676513672,147.1521057512856,success,4.950929164886475,0.00011496785009512678,,5,24.511699676513672,3.6583070755004883
89,180,Linear,0.01424292050336029,4096,11008,2.6875,3.5018687319735586,7.816664609857087,1.1729209537760725,True,170.6636199951172,dense,7.879897209876361,4.21542568831646,2.2321409533394547,model.layers.12.mlp.gate_proj,4096,16421.986407071352,4096,425,0,1,0.12135845933361296,170.6636199951172,96.2242943606915,success,13.063828468322754,0.2685226500034332,,0,170.6636199951172,8.130057334899902
90,181,Linear,0.02906648067352091,4096,11008,2.6875,4.656506309454785,7.249695510762656,1.1853767916513014,True,36.04922103881836,dense,7.8427117765827274,4.179534262624927,1.5568958848058556,model.layers.12.mlp.up_proj,4096,15119.389754667878,4096,307,0,1,0.20868783781460534,36.04922103881836,419.40961049857594,success,6.004100322723389,0.26798903942108154,,0,36.04922103881836,8.287764549255371
91,182,Linear,0.026091394635047394,4096,11008,2.6875,3.8587084619247736,6.433867651111514,1.1802036882232922,True,46.4903678894043,dense,7.147403384086515,4.169061303613179,1.6673629828728285,model.layers.12.mlp.down_proj,4096,14759.148539695889,4096,334,0,1,0.15642156755782247,46.4903678894043,317.4668046251291,success,6.818384647369385,0.23230288922786713,,0,46.4903678894043,8.002901077270508
92,188,Linear,0.0362456865228975,4096,4096,1.0,3.2892960581388095,7.120221135439686,1.1145147801944377,True,146.10467529296875,dense,7.2714511990677835,3.9900304772519206,2.164664113411712,model.layers.13.self_attn.q_proj,4096,9773.058024167438,4096,164,21,1,0.17876398873814747,146.10467529296875,66.89079596235045,success,12.087376594543457,0.0003257797216065228,,3,146.10467529296875,11.637422561645508
93,189,Linear,0.023453410642302108,4096,4096,1.0,3.130073821480297,7.142789491429505,1.1183442604160156,True,191.42010498046875,dense,7.235055429583744,4.005678664519915,2.2819875500736546,model.layers.13.self_attn.k_proj,4096,10131.614678514652,4096,219,21,1,0.14393704999244705,191.42010498046875,52.928686250320546,success,13.835465431213379,1.757386780809611e-05,,4,191.42010498046875,9.579815864562988
94,190,Linear,0.057580131718107164,4096,4096,1.0,6.75420623590762,6.664785048190254,1.1507694169328637,True,9.699752807617188,dense,7.432220176027206,3.5956957830770406,0.9867606666728693,model.layers.13.self_attn.v_proj,4096,3941.8108726675537,4096,46,6,1,0.8484114235409269,9.699752807617188,406.38261106737286,success,3.1144425868988037,0.00011369670392014086,under-trained,4,9.699752807617188,5.336913585662842
95,191,Linear,0.0429667831277305,4096,4096,1.0,4.189378254076067,5.940227475495471,1.142451090579249,True,26.177356719970703,dense,6.0938851239013205,3.5871520813998954,1.417925791187728,model.layers.13.self_attn.o_proj,4096,3865.0229887499477,4096,174,10,1,0.24178614146481653,26.177356719970703,147.64756541676806,success,5.1163811683654785,2.6792333301273175e-05,,4,26.177356719970703,3.8602559566497803
96,194,Linear,0.00971356022572456,4096,11008,2.6875,3.660373820265806,8.22494080804003,1.1741237709930874,True,176.61276245117188,dense,8.262460488021588,4.212290415919145,2.247022083510246,model.layers.13.mlp.gate_proj,4096,16303.85919265449,4096,328,0,1,0.1468945704507612,176.61276245117188,92.31416216119726,success,13.289573669433594,0.25796207785606384,,0,176.61276245117188,8.936906814575195
97,195,Linear,0.02362452101648982,4096,11008,2.6875,4.737600439702425,7.590525760721327,1.1861756864707411,True,40.011775970458984,dense,8.02512573272128,4.188352604796739,1.602187828486038,model.layers.13.mlp.up_proj,4096,15429.526717476547,4096,292,0,1,0.21872652161176695,40.011775970458984,385.6246403275948,success,6.325486183166504,0.2829529941082001,,0,40.011775970458984,8.455292701721191
98,196,Linear,0.015826593146185286,4096,11008,2.6875,3.825804393110222,6.182044943983618,1.182303511899446,True,41.29344177246094,dense,7.048431693556421,4.175967183633699,1.6158810824507075,model.layers.13.mlp.down_proj,4096,14995.715198844671,4096,493,0,1,0.1272678291675327,41.29344177246094,363.1500440548282,success,6.425997257232666,0.3751508593559265,,0,41.29344177246094,6.8298020362854
99,202,Linear,0.03909100088107964,4096,4096,1.0,2.553661518816666,5.442497367988407,1.1033775030171182,True,135.28587341308594,dense,5.997338766518947,3.9877976318580557,2.131252449819736,model.layers.14.self_attn.q_proj,4096,9722.940584714255,4096,375,19,1,0.08023073584027025,135.28587341308594,71.86959243723797,success,11.631245613098145,0.0003433249657973647,,5,135.28587341308594,6.420091152191162
100,203,Linear,0.021692907719331966,4096,4096,1.0,2.6094288234270735,5.92691705371827,1.1002685088380115,True,186.7869415283203,dense,6.2990320858832565,4.004508408234023,2.27134651097101,model.layers.14.self_attn.k_proj,4096,10104.350630430185,4096,318,21,1,0.09025228681710244,186.7869415283203,54.095594412300926,success,13.667001724243164,0.00018681472283788025,,3,186.7869415283203,7.271492958068848
101,204,Linear,0.08544805364046304,4096,4096,1.0,5.739088884293138,5.058014441084311,1.149720971575278,True,7.6089911460876465,dense,6.357438243006567,3.5796385077377715,0.8813270787506348,model.layers.14.self_attn.v_proj,4096,3798.7307099715586,4096,155,5,1,0.38065277932512265,7.6089911460876465,499.24236170583157,success,2.7584400177001953,2.5340284992125817e-05,,4,7.6089911460876465,3.8947577476501465
102,205,Linear,0.051002737003155774,4096,4096,1.0,4.477702513060144,5.889659759499461,1.1433464450802402,True,20.669536590576172,dense,6.109869325043936,3.5697916627748074,1.3153307398874872,model.layers.14.self_attn.o_proj,4096,3713.5704111911277,4096,135,11,1,0.29931297591434713,20.669536590576172,179.66394142015983,success,4.5463762283325195,5.3586860303767025e-05,,4,20.669536590576172,4.103220462799072
103,208,Linear,0.012330933677342726,4096,11008,2.6875,3.5926280683437586,8.03978204293096,1.1743820921867545,True,172.92404174804688,dense,8.081621597877115,4.210481949976651,2.237855377731152,model.layers.14.mlp.gate_proj,4096,16236.108690284193,4096,422,0,1,0.12620715969471885,172.92404174804688,93.89156375341068,success,13.15005874633789,0.25768518447875977,,0,172.92404174804688,8.010685920715332
104,209,Linear,0.023585272858352102,4096,11008,2.6875,4.796029377236769,7.791893167225674,1.186199541882928,True,42.136165618896484,dense,8.13841822891633,4.189281146985521,1.6246550123750434,model.layers.14.mlp.up_proj,4096,15462.551068224013,4096,290,0,1,0.22291052041852383,42.136165618896484,366.9662590582196,success,6.491237640380859,0.2685779333114624,,0,42.136165618896484,8.480660438537598
105,210,Linear,0.009709418985197449,4096,11008,2.6875,3.9008253719347645,6.156654152189178,1.182645699278175,True,37.8699951171875,dense,7.168161800799816,4.17683632680191,1.5782952491245585,model.layers.14.mlp.down_proj,4096,15025.755815073848,4096,514,0,1,0.1279499220988359,37.8699951171875,396.77205578128866,success,6.153860092163086,0.34200942516326904,,0,37.8699951171875,6.711977958679199
106,216,Linear,0.0287872985539942,4096,4096,1.0,2.930513797977997,6.473339783403278,1.1126839540183695,True,161.78700256347656,dense,6.675849330718835,3.977173692338298,2.2089436288850677,model.layers.15.self_attn.q_proj,4096,9487.978509597551,4096,271,20,1,0.11727036167597563,161.78700256347656,58.64487479997027,success,12.719552040100098,0.00023813349253032357,,4,161.78700256347656,8.12402057647705
107,217,Linear,0.017867519121356534,4096,4096,1.0,2.7858773701248394,6.441426090734594,1.109061141452522,True,205.19720458984375,dense,6.643447316234117,4.006643571047895,2.312171440068069,model.layers.15.self_attn.k_proj,4096,10154.14991606211,4096,295,22,1,0.10397780045212084,205.19720458984375,49.48483550913193,success,14.324706077575684,5.5317981605185196e-05,,3,205.19720458984375,7.815117835998535
108,218,Linear,0.05903878908381088,4096,4096,1.0,3.936746680145451,3.7574269941818783,1.1499714228574962,True,9.00429630279541,dense,5.321949873494382,3.613502042497637,0.954449777815791,model.layers.15.self_attn.v_proj,4096,4106.785713017083,4096,323,6,1,0.16340495635897656,9.00429630279541,456.0918005044014,success,3.000715970993042,0.0002997191622853279,,5,9.00429630279541,3.0427346229553223
109,219,Linear,0.02222900161105479,4096,4096,1.0,4.235269616929475,5.604442177205009,1.1486132585852504,True,21.05129051208496,dense,5.86248192854826,3.602089809301059,1.3232787246418962,model.layers.15.self_attn.o_proj,4096,4000.274643109596,4096,268,9,1,0.19762554572155522,21.05129051208496,190.02515027822878,success,4.588168621063232,5.486746886163019e-06,,4,21.05129051208496,3.1865363121032715
110,222,Linear,0.009709062904429966,4096,11008,2.6875,3.7490688949328304,8.375224124199276,1.1758209836002156,True,171.3751220703125,dense,8.40567235275153,4.215104207718387,2.233947777145165,model.layers.15.mlp.gate_proj,4096,16409.83475253731,4096,362,0,1,0.14448785329175498,171.3751220703125,95.75389096326721,success,13.091032028198242,0.26064208149909973,,0,171.3751220703125,8.605840682983398
111,223,Linear,0.015570776452309976,4096,11008,2.6875,4.864405228156121,8.099278268841985,1.1869859616827272,True,46.23905563354492,dense,8.341846768784585,4.193983193165218,1.6650089556605587,model.layers.15.mlp.up_proj,4096,15630.87151299417,4096,299,0,1,0.22348432466110904,46.23905563354492,338.0447826805201,success,6.799930572509766,0.29802119731903076,,0,46.23905563354492,8.396993637084961
112,224,Linear,0.009964401636858744,4096,11008,2.6875,4.410711581073198,6.713814904762883,1.1861133879130343,True,33.2783203125,dense,7.629361206162455,4.179950417106971,1.522161397624032,model.layers.15.mlp.down_proj,4096,15133.884567826986,4096,379,0,1,0.17519648592024986,33.2783203125,454.76708036079566,success,5.768736362457275,0.34092819690704346,,0,33.2783203125,7.481274127960205
113,230,Linear,0.05188630005096112,4096,4096,1.0,2.5764628296566423,5.73411842894512,1.1107372589063573,True,168.10389709472656,dense,6.027793006372136,3.9707620079986525,2.2255777816555145,model.layers.16.self_attn.q_proj,4096,9348.932152248526,4096,465,20,1,0.07310671318319216,168.10389709472656,55.61401201175248,success,12.96548843383789,0.0002591174852568656,,4,168.10389709472656,5.354568004608154
114,231,Linear,0.02905486897997267,4096,4096,1.0,2.858567712506603,6.669911824896356,1.1079967668103448,True,215.42967224121094,dense,6.815091574121193,3.993761897026932,2.3333055207034734,model.layers.16.self_attn.k_proj,4096,9857.389037803376,4096,191,22,1,0.1344812398986204,215.42967224121094,45.756877106354764,success,14.677522659301758,0.00012915940897073597,,3,215.42967224121094,10.019159317016602
115,232,Linear,0.05041426144436589,4096,4096,1.0,13.919915132345935,12.588360205033913,1.157104710366306,True,8.023091316223145,dense,12.79331885133362,3.6494934925135643,0.9043417352295586,model.layers.16.self_attn.v_proj,4096,4461.629392069879,4096,34,5,1,2.2157471653586174,8.023091316223145,556.0985430950053,success,2.8325061798095703,8.65320453158347e-06,under-trained,4,8.023091316223145,5.375216007232666
116,233,Linear,0.027106125319477536,4096,4096,1.0,7.023110537254822,9.832899170822339,1.1564254151896853,True,25.123348236083984,dense,9.833868827222755,3.6405623808205894,1.4000775181684384,model.layers.16.self_attn.o_proj,4096,4370.814556955332,4096,125,8,1,0.5387233838918825,25.123348236083984,173.9742058217244,success,5.012319564819336,0.0002712088462430984,under-trained,3,25.123348236083984,4.124073505401611
117,236,Linear,0.007025732013575814,4096,11008,2.6875,3.6784910045829418,8.312283108914436,1.1749102291710252,True,181.84408569335938,dense,8.346677992061949,4.221053511301666,2.2596991806037763,model.layers.16.mlp.gate_proj,4096,16636.176192652434,4096,461,0,1,0.12474976307587722,181.84408569335938,91.4859349382731,success,13.484957695007324,0.23810987174510956,,0,181.84408569335938,7.880142688751221
118,237,Linear,0.010244996325072253,4096,11008,2.6875,4.9207309305168,8.359336041412671,1.186303277134618,True,49.98039245605469,dense,8.53944295716089,4.193294740425024,1.6987996619710988,model.layers.16.mlp.up_proj,4096,15606.11275619641,4096,289,0,1,0.2306312312068706,49.98039245605469,312.2447021583134,success,7.069681167602539,0.23097999393939972,,0,49.98039245605469,8.525372505187988
119,238,Linear,0.009563247789889706,4096,11008,2.6875,5.323540173846742,7.857088041891654,1.189046455195424,True,29.916728973388672,dense,8.486026661995435,4.179336796641013,1.4759141070244226,model.layers.16.mlp.down_proj,4096,15112.516799427569,4096,338,0,1,0.23516958274303815,29.916728973388672,505.1527128139695,success,5.469618797302246,0.33780431747436523,,0,29.916728973388672,7.680622100830078
120,244,Linear,0.0327231499893465,4096,4096,1.0,2.9706202852015204,6.598175620676558,1.1238557747642648,True,166.39645385742188,dense,6.711290082761115,3.9637715638728226,2.221144066626796,model.layers.17.self_attn.q_proj,4096,9199.655484575902,4096,340,21,1,0.10687189016387416,166.39645385742188,55.28756936406049,success,12.89947509765625,7.160616951296106e-05,,3,166.39645385742188,6.561991214752197
121,245,Linear,0.013893941650953812,4096,4096,1.0,2.913867754569976,6.745902767400157,1.1191924586662265,True,206.58680725097656,dense,6.852847609918767,3.982926550556864,2.315102583780679,model.layers.17.self_attn.k_proj,4096,9614.496608118343,4096,348,21,1,0.10259408048481677,206.58680725097656,46.53974150652301,success,14.373127937316895,0.0001316724083153531,,5,206.58680725097656,6.541974067687988
122,246,Linear,0.026060210175277376,4096,4096,1.0,9.480267587430562,8.737893857063511,1.1602528541900587,True,8.350120544433594,dense,9.118695534764333,3.6464265124777966,0.9216927451128776,model.layers.17.self_attn.v_proj,4096,4430.232436194331,4096,70,3,1,1.0135858435308165,8.350120544433594,530.5590994309224,success,2.889657497406006,0.0001422997156623751,under-trained,3,8.350120544433594,4.506403923034668
123,247,Linear,0.030260813510973872,4096,4096,1.0,6.83109627542748,10.06414787286239,1.158726948431593,True,29.736129760742188,dense,10.064539996817725,3.6412338248783693,1.4732844432400551,model.layers.17.self_attn.o_proj,4096,4377.577312194435,4096,160,8,1,0.4609886371518841,29.736129760742188,147.2140909868418,success,5.453084468841553,6.748206942575052e-05,under-trained,3,29.736129760742188,3.772477626800537
124,250,Linear,0.012079531268066712,4096,11008,2.6875,3.741307977757211,8.557674602321704,1.1754310442053582,True,193.79757690429688,dense,8.581958554505224,4.229175512684381,2.2873483426648407,model.layers.17.mlp.gate_proj,4096,16950.226764615625,4096,497,0,1,0.12296446812129419,193.79757690429688,87.4635639690488,success,13.921119689941406,0.2356758713722229,,0,193.79757690429688,7.798529148101807
125,251,Linear,0.012307917326398965,4096,11008,2.6875,5.208235470091602,8.484555741077148,1.1866726743796046,True,42.56624221801758,dense,8.722201867993963,4.190050176460598,1.629065312004398,model.layers.17.mlp.up_proj,4096,15489.95572661236,4096,204,0,1,0.29463541588347597,42.56624221801758,363.90235358985296,success,6.524281024932861,0.21566247940063477,,0,42.56624221801758,9.286153793334961
126,252,Linear,0.013154091320260575,4096,11008,2.6875,6.065640152724627,8.915889315757635,1.1895980374881558,True,29.505352020263672,dense,9.28876294825624,4.178425918911428,1.469900800454294,model.layers.17.mlp.down_proj,4096,15080.853424020112,4096,241,0,1,0.3263065671339685,29.505352020263672,511.12264017941186,success,5.431882858276367,0.28326359391212463,under-trained,0,29.505352020263672,8.345274925231934
127,258,Linear,0.028388077814778312,4096,4096,1.0,3.222137535598751,7.177886317469465,1.131624162822725,True,168.91897583007812,dense,7.2191783183362075,3.943997958431025,2.227678439596974,model.layers.18.self_attn.q_proj,4096,8790.183846557005,4096,348,19,1,0.11911907530244938,168.91897583007812,52.037870839327006,success,12.996883392333984,1.404876365995733e-05,,4,168.91897583007812,6.179657936096191
128,259,Linear,0.01481966392847317,4096,4096,1.0,3.2207541542068467,7.39689111258492,1.130441434427275,True,197.98544311523438,dense,7.433451590587596,3.963024365430749,2.2966332599224737,model.layers.18.self_attn.k_proj,4096,9183.84119581161,4096,376,20,1,0.11452665086832092,197.98544311523438,46.38644665641553,success,14.070730209350586,0.00010989134898409247,,4,197.98544311523438,6.028903484344482
129,260,Linear,0.05744026627759269,4096,4096,1.0,10.45983049649424,9.636407884076604,1.1610569904459875,True,8.342143058776855,dense,10.004211512370563,3.6863864892842124,0.9212776332567132,model.layers.18.self_attn.v_proj,4096,4857.205624936262,4096,65,5,1,1.1733475648915632,8.342143058776855,582.2491403843699,success,2.8882768154144287,8.220921881729737e-05,under-trained,4,8.342143058776855,4.909611225128174
130,261,Linear,0.04186135180865125,4096,4096,1.0,7.6686756424626354,11.279352150122119,1.1617352346085303,True,29.568849563598633,dense,11.279451914285348,3.6742122473529233,1.4708344277422052,model.layers.18.self_attn.o_proj,4096,4722.938031599608,4096,159,8,1,0.5288603792894957,29.568849563598633,159.72681052203944,success,5.437724590301514,3.2461459340993315e-05,under-trained,3,29.568849563598633,3.9589691162109375
131,264,Linear,0.010614529447993237,4096,11008,2.6875,4.034201097374795,9.13635085570669,1.1784497349148473,True,183.9601287841797,dense,9.147623085014969,4.236883799288486,2.264723704936785,model.layers.18.mlp.gate_proj,4096,17253.761850774288,4096,395,0,1,0.15266722559346554,183.9601287841797,93.7907684931893,success,13.563190460205078,0.2136107087135315,,0,183.9601287841797,8.686893463134766
132,265,Linear,0.012758994952148495,4096,11008,2.6875,6.0340222062985145,9.446667553291029,1.1880006311512412,True,36.7762336730957,dense,9.634814941641395,4.187476341248548,1.5655672502216318,model.layers.18.mlp.up_proj,4096,15398.42638862878,4096,118,0,1,0.463419306905493,36.7762336730957,418.7059100588043,success,6.064341068267822,0.2325751781463623,under-trained,0,36.7762336730957,10.271739959716797
133,266,Linear,0.013082408771251774,4096,11008,2.6875,5.915189549739028,8.654577680044309,1.1896499390349318,True,29.047636032104492,dense,9.103593440110707,4.177572380726574,1.4631107942138792,model.layers.18.mlp.down_proj,4096,15051.243461109698,4096,278,0,1,0.2947934791667247,29.047636032104492,518.1572588032473,success,5.389585971832275,0.2827105224132538,,0,29.047636032104492,8.061463356018066
134,272,Linear,0.016022789978364482,4096,4096,1.0,2.9881090563851167,6.615649164003473,1.1242513289829053,True,163.6785888671875,dense,6.721509781963005,3.933323329247924,2.213991872173098,model.layers.19.self_attn.q_proj,4096,8576.761415721976,4096,387,19,1,0.10106126292134468,163.6785888671875,52.400020522423695,success,12.793693542480469,0.0003318624512758106,,3,163.6785888671875,5.552628993988037
135,273,Linear,0.017101158850816867,4096,4096,1.0,2.9625315367826675,6.8304393265772445,1.1198679667788116,True,202.11985778808594,dense,6.920795435270213,3.949886840821337,2.305608983995882,model.layers.19.self_attn.k_proj,4096,8910.187452544991,4096,420,22,1,0.09576173349550011,202.11985778808594,44.08368158405763,success,14.216886520385742,7.669687875022646e-06,,3,202.11985778808594,5.412525653839111
136,274,Linear,0.0633434226173582,4096,4096,1.0,10.7641625191274,9.429462847844118,1.1582197568560944,True,7.516319751739502,dense,10.470021445993975,3.693946100897155,0.876005247141932,model.layers.19.self_attn.v_proj,4096,4942.493432432584,4096,54,5,1,1.3287342187483624,7.516319751739502,657.5682775188939,success,2.741590738296509,2.2416454157792032e-05,under-trained,4,7.516319751739502,5.517711162567139
137,275,Linear,0.045127759235295384,4096,4096,1.0,8.138339970188706,11.872628742361089,1.1615519030583565,True,28.764141082763672,dense,11.87268591160838,3.6849808572336316,1.4588514102201846,model.layers.19.self_attn.o_proj,4096,4841.510267781754,4096,120,7,1,0.6516383041355183,28.764141082763672,168.31756783041683,success,5.363221168518066,2.5405766791664064e-05,under-trained,2,28.764141082763672,4.30507230758667
138,278,Linear,0.008896901352000497,4096,11008,2.6875,4.129844583442017,9.097772084321612,1.1798265041013634,True,159.5634002685547,dense,9.11300454405439,4.2400202651135634,2.202933282476959,model.layers.19.mlp.gate_proj,4096,17378.819201614708,4096,352,0,1,0.16682127681789127,159.5634002685547,108.91482114548275,success,12.631840705871582,0.23311203718185425,,0,159.5634002685547,9.106690406799316
139,279,Linear,0.012562101402110115,4096,11008,2.6875,6.120532256043638,9.451450398697673,1.188127239166187,True,35.01227569580078,dense,9.71904783328195,4.187463576190674,1.5442203395570648,model.layers.19.mlp.up_proj,4096,15397.973795000464,4096,166,0,1,0.39743038024245037,35.01227569580078,439.7878598004765,success,5.917117118835449,0.2258806973695755,under-trained,0,35.01227569580078,9.55808162689209
140,280,Linear,0.019378033836530806,4096,11008,2.6875,5.950110445618753,8.894486137111423,1.1899499269624287,True,31.249557495117188,dense,9.257827602619576,4.179486969052777,1.4948438719588313,model.layers.19.mlp.down_proj,4096,15117.743380956352,4096,330,0,1,0.27249461169998745,31.249557495117188,483.7746385150744,success,5.59013032913208,0.2908090353012085,,0,31.249557495117188,7.749638557434082
141,286,Linear,0.019834474468292673,4096,4096,1.0,2.8831019575287242,6.486161420788686,1.120947457436191,True,177.71180725097656,dense,6.599498180731716,3.9389625779985473,2.2497162834811277,model.layers.20.self_attn.q_proj,4096,8688.855565010439,4096,450,22,1,0.08877027758894819,177.71180725097656,48.89295595727893,success,13.330859184265137,0.0001258041593246162,,4,177.71180725097656,5.100474834442139
142,287,Linear,0.01909630689165509,4096,4096,1.0,2.9345378419173063,6.765766725179802,1.1189788630355315,True,202.09922790527344,dense,6.864918006403928,3.9546660644440097,2.305564654350931,model.layers.20.self_attn.k_proj,4096,9008.781724545162,4096,445,22,1,0.09170588872335014,202.09922790527344,44.57603236746504,success,14.216160774230957,0.0002943059953395277,,4,202.09922790527344,5.274521827697754
143,288,Linear,0.04259356988879337,4096,4096,1.0,8.632238326682028,7.57775752350566,1.1606657482374,True,7.548208236694336,dense,8.726588669323858,3.707171637510581,0.8778438727859268,model.layers.20.self_attn.v_proj,4096,5095.322034787974,4096,90,4,1,0.8045085585849157,7.548208236694336,675.0372903092325,success,2.7474002838134766,0.00012662846711464226,under-trained,3,7.548208236694336,4.924708366394043
144,289,Linear,0.05122947903013719,4096,4096,1.0,7.7775776773565894,12.731518772029027,1.1634061704095402,True,43.34626388549805,dense,12.731523053157646,3.701734389689563,1.6369516705818568,model.layers.20.self_attn.o_proj,4096,5031.927668248836,4096,193,9,1,0.4878607164084027,43.34626388549805,116.08676774406666,success,6.58378791809082,8.841928320180159e-06,under-trained,2,43.34626388549805,3.8871099948883057
145,292,Linear,0.009985856560324136,4096,11008,2.6875,4.003504947078081,8.84821917801513,1.1792592035949712,True,162.22515869140625,dense,8.869436031328041,4.244703078422773,2.2101182076652397,model.layers.20.mlp.gate_proj,4096,17567.221548475325,4096,419,0,1,0.14673081849345002,162.22515869140625,108.28913153903997,success,12.736763954162598,0.1995856612920761,,0,162.22515869140625,8.626389503479004
146,293,Linear,0.011117278862949331,4096,11008,2.6875,5.986502271345543,9.411052603512038,1.1875283105700913,True,37.32890701293945,dense,9.649553776318331,4.186884382158856,1.572045274008855,model.layers.20.mlp.up_proj,4096,15377.452074036002,4096,159,0,1,0.39545535334777104,37.32890701293945,411.944878769305,success,6.109738826751709,0.20063109695911407,,0,37.32890701293945,9.749878883361816
147,294,Linear,0.03475939750186818,4096,11008,2.6875,7.161137500028766,10.21048659629406,1.191792847674431,True,26.657480239868164,dense,10.591099592103514,4.1793902470974436,1.425819095954106,model.layers.20.mlp.down_proj,4096,15114.376875169575,4096,315,0,1,0.3471407714744485,26.657480239868164,566.9844538631579,success,5.163088321685791,0.2874351739883423,under-trained,0,26.657480239868164,7.705501079559326
148,300,Linear,0.022610406239310904,4096,4096,1.0,3.024603322197491,6.69413561444382,1.1250724335904223,True,163.39080810546875,dense,6.786471023537052,3.919337927155877,2.2132276207315256,model.layers.21.self_attn.q_proj,4096,8304.967306833147,4096,468,19,1,0.09358732167509991,163.39080810546875,50.8288526333274,success,12.782441139221191,0.00018484910833649337,,3,163.39080810546875,4.810055732727051
149,301,Linear,0.03168037734561213,4096,4096,1.0,3.1191885240171375,7.0194502203466165,1.1254479433352091,True,177.9955291748047,dense,7.088226961076001,3.928806429285885,2.250409093999363,model.layers.21.self_attn.k_proj,4096,8488.02068561245,4096,481,20,1,0.096626679428576,177.9955291748047,47.686707216542445,success,13.341496467590332,0.00010073139128508046,,3,177.9955291748047,4.895547866821289
150,302,Linear,0.06514502300667802,4096,4096,1.0,16.658145363454786,16.890885574263685,1.1587353914933336,True,10.326937675476074,dense,16.968489735982264,3.733539370929002,1.0139715560004352,model.layers.21.self_attn.v_proj,4096,5414.26328615324,4096,14,4,1,4.184815375882196,10.326937675476074,524.2854616050195,success,3.213555335998535,0.00022901091142557561,under-trained,4,10.326937675476074,7.470591068267822
151,303,Linear,0.0649887004210904,4096,4096,1.0,8.838305299636962,13.26919912983881,1.1653967171310624,True,31.719654083251953,dense,13.269209812006125,3.7209352215193876,1.5013284424994744,model.layers.21.self_attn.o_proj,4096,5259.388125774759,4096,179,7,1,0.5858624448652143,31.719654083251953,165.8084956403017,success,5.632020473480225,0.00039734612801112235,under-trained,2,31.719654083251953,4.090954780578613
152,306,Linear,0.012373853700504533,4096,11008,2.6875,4.06147247086585,8.805762126549764,1.180149031079091,True,147.2721405029297,dense,8.83018509315812,4.250578931247374,2.1681205990477874,model.layers.21.mlp.gate_proj,4096,17806.515055812895,4096,391,0,1,0.1548253177042555,147.2721405029297,120.90891729422965,success,12.135573387145996,0.2140996754169464,,0,147.2721405029297,9.011643409729004
153,307,Linear,0.026893373527545728,4096,11008,2.6875,6.512059951546896,9.840653978271378,1.187700087049431,True,32.444644927978516,dense,10.143076501755507,4.185462269546999,1.511143025631052,model.layers.21.mlp.up_proj,4096,15327.180417463183,4096,120,0,1,0.5031799289638447,32.444644927978516,472.41017590073386,success,5.696020126342773,0.21620364487171173,under-trained,0,32.444644927978516,10.35457706451416
154,308,Linear,0.041616584339132845,4096,11008,2.6875,7.0742148298153165,9.741921060969075,1.191533724073372,True,23.828834533691406,dense,10.277649398619737,4.179326452505588,1.3771028015590252,model.layers.21.mlp.down_proj,4096,15112.156849980354,4096,328,0,1,0.33539240668148484,23.828834533691406,634.1962225896274,success,4.881478786468506,0.2942669093608856,under-trained,0,23.828834533691406,7.678528785705566
155,314,Linear,0.02442764256611374,4096,4096,1.0,3.169632085592317,7.054057562906856,1.1303925870185458,True,168.07884216308594,dense,7.109428101507589,3.9375282969319736,2.2255130477039726,model.layers.22.self_attn.q_proj,4096,8660.2074805088,4096,461,19,1,0.10104984044238242,168.07884216308594,51.524673593990194,success,12.964522361755371,0.0002134212845703587,,4,168.07884216308594,5.120685577392578
156,315,Linear,0.032387545464941936,4096,4096,1.0,3.262594343762261,7.352472869423233,1.1310578088983139,True,179.29425048828125,dense,7.3977951817660115,3.948429935796822,2.2535663630633063,model.layers.22.self_attn.k_proj,4096,8880.34699198883,4096,491,22,1,0.10210945331886438,179.29425048828125,49.52945768090457,success,13.390080451965332,8.992213406600058e-05,,4,179.29425048828125,5.116898059844971
157,316,Linear,0.0846278581475608,4096,4096,1.0,8.215504635293843,7.150336592066962,1.1620294014280692,True,7.419021129608154,dense,8.500931196923053,3.736664569710893,0.8703466079672191,model.layers.22.self_attn.v_proj,4096,5453.36504045076,4096,147,4,1,0.5951247919322704,7.419021129608154,735.051827617424,success,2.723788022994995,0.00017690466484054923,under-trained,3,7.419021129608154,4.802005290985107
158,317,Linear,0.06833083199905532,4096,4096,1.0,8.206041843091871,14.451239008491509,1.1637392969232565,True,57.683109283447266,dense,14.451239195514338,3.7229175878910685,1.7610486620485686,model.layers.22.self_attn.o_proj,4096,5283.449830458764,4096,201,10,1,0.5082750021718464,57.683109283447266,91.59440078891348,success,7.594939708709717,0.0005657519213855267,under-trained,4,57.683109283447266,4.008220195770264
159,320,Linear,0.011729570765911412,4096,11008,2.6875,3.9677832220919833,8.541763584591807,1.1800357650179272,True,142.16078186035156,dense,8.581185456880577,4.255570506072428,2.152779803350302,model.layers.22.mlp.gate_proj,4096,18012.355345070362,4096,450,0,1,0.13990264276219352,142.16078186035156,126.70411001794007,success,11.92311954498291,0.23455046117305756,,0,142.16078186035156,8.60029411315918
160,321,Linear,0.015540474249595149,4096,11008,2.6875,5.948093342678959,8.639494188635057,1.187530771126773,True,28.345314025878906,dense,9.268291433868127,4.184988486057507,1.4524812727205656,model.layers.22.mlp.up_proj,4096,15310.468702860177,4096,146,0,1,0.4095071187755281,28.345314025878906,540.1410860674155,success,5.324031829833984,0.21903665363788605,,0,28.345314025878906,9.910192489624023
161,322,Linear,0.04336623544577933,4096,11008,2.6875,7.876930121653859,11.380800769956172,1.1914988057845355,True,27.85011100769043,dense,11.624904825809216,4.1796460785898155,1.4448269305665278,model.layers.22.mlp.down_proj,4096,15123.282981216908,4096,276,0,1,0.4139425496532612,27.85011100769043,543.0241544473851,success,5.277320384979248,0.2981811761856079,under-trained,0,27.85011100769043,7.994063854217529
162,328,Linear,0.016728217940204293,4096,4096,1.0,3.857988396106787,8.465233102524849,1.1418444140960071,True,156.39002990722656,dense,8.472710169240386,3.931423558871262,2.194209062698937,model.layers.23.self_attn.q_proj,4096,8539.325316436716,4096,324,19,1,0.15877713311704372,156.39002990722656,54.602747512116984,success,12.505599975585938,6.841181402705843e-06,,3,156.39002990722656,6.121214866638184
163,329,Linear,0.03213953998059299,4096,4096,1.0,3.7875705181035357,8.407602401524105,1.1411493398796222,True,165.87757873535156,dense,8.416292333273962,3.9381119152079256,2.2197876874735663,model.layers.23.self_attn.k_proj,4096,8671.853156711277,4096,401,19,1,0.13920462873714157,165.87757873535156,52.278633573177096,success,12.87934684753418,0.0001930073631228879,,3,165.87757873535156,5.670680522918701
164,330,Linear,0.034560192022742076,4096,4096,1.0,7.963371718749389,7.645736583444549,1.1617714526581902,True,9.122481346130371,dense,8.803770561066974,3.776429477306469,0.9601129839817746,model.layers.23.self_attn.v_proj,4096,5976.259916094212,4096,92,4,1,0.7259816868983173,9.122481346130371,655.1134158941588,success,3.0203444957733154,0.00018643069779500365,under-trained,3,9.122481346130371,5.669094085693359
165,331,Linear,0.049325993972674675,4096,4096,1.0,8.558019223357128,12.678875984645018,1.1644374219161027,True,30.30539321899414,dense,12.67892749772507,3.7657386594957716,1.4815199234468843,model.layers.23.self_attn.o_proj,4096,5830.941166930668,4096,146,7,1,0.6255061215420255,30.30539321899414,192.40605541049638,success,5.505033493041992,0.0002926881134044379,under-trained,3,30.30539321899414,4.815422058105469
166,334,Linear,0.012079958590815232,4096,11008,2.6875,4.1220615333059705,8.557275425602226,1.1819028876786613,True,119.11592864990234,dense,8.603387449886768,4.255337727355448,2.0759698409303295,model.layers.23.mlp.gate_proj,4096,18002.703439135104,4096,423,0,1,0.151799826337193,119.11592864990234,151.13598695979158,success,10.914024353027344,0.22195523977279663,,0,119.11592864990234,8.811172485351562
167,335,Linear,0.022361700778696814,4096,11008,2.6875,7.159192807574762,9.887329243476845,1.1884489010154435,True,24.04737091064453,dense,10.493550938960556,4.1892618806289015,1.3810676020648007,model.layers.23.mlp.up_proj,4096,15461.865127168596,4096,85,0,1,0.6680582577702837,24.04737091064453,642.9752834362623,success,4.903811931610107,0.2219100147485733,under-trained,0,24.04737091064453,11.037446975708008
168,336,Linear,0.03180545900584475,4096,11008,2.6875,7.03686473748016,10.812544568092967,1.1902642644598744,True,34.39989471435547,dense,11.085862763197518,4.184820802766088,1.5365571133551226,model.layers.23.mlp.down_proj,4096,15304.558394692838,4096,282,0,1,0.3594900636758569,34.39989471435547,444.90131501205065,success,5.865142345428467,0.29979854822158813,under-trained,0,34.39989471435547,8.170928001403809
169,342,Linear,0.03694269225440344,4096,4096,1.0,2.985018402176494,6.524973855312746,1.122087355348308,True,153.42898559570312,dense,6.661684329145138,3.906918692888199,2.1859074136880134,model.layers.24.self_attn.q_proj,4096,8070.839166425372,4096,553,20,1,0.08441156876931279,153.42898559570312,52.60309279299179,success,12.386645317077637,0.00010746993211796507,,4,153.42898559570312,4.227976322174072
170,343,Linear,0.038664002140893605,4096,4096,1.0,3.088497308060546,6.916221163660882,1.1232261686753189,True,173.51950073242188,dense,7.000019428198293,3.9115285689592887,2.2393482894126255,model.layers.24.self_attn.k_proj,4096,8156.964438864446,4096,525,21,1,0.09114949526570436,173.51950073242188,47.00892063678194,success,13.172679901123047,0.00016428731032647192,,4,173.51950073242188,4.4646315574646
171,344,Linear,0.059417999349828,4096,4096,1.0,4.754738446680342,4.827689019385489,1.159463367281072,True,10.359593391418457,dense,6.294045007031723,3.7685850571547297,1.0153427099141656,model.layers.24.self_attn.v_proj,4096,5869.283090566622,4096,304,3,1,0.21534901905929593,10.359593391418457,566.5553529763573,success,3.218632221221924,0.0001759280130499974,,3,10.359593391418457,4.2169647216796875
172,345,Linear,0.05963877772261217,4096,4096,1.0,8.73095311227868,14.394540870917604,1.1649806573168389,True,44.532718658447266,dense,14.394541568154544,3.7534541820350134,1.648679208994262,model.layers.24.self_attn.o_proj,4096,5668.317677513484,4096,182,8,1,0.5730563711615585,44.532718658447266,127.28433943114496,success,6.67328405380249,0.00022973997693043202,under-trained,3,44.532718658447266,4.389372825622559
173,348,Linear,0.015300631797489639,4096,11008,2.6875,4.292526142785585,8.897598947991124,1.1829072436436359,True,118.2529067993164,dense,8.927210444514477,4.257464844680979,2.0728118250241176,model.layers.24.mlp.gate_proj,4096,18091.094603285193,4096,396,0,1,0.16545566406145323,118.2529067993164,152.98646851858845,success,10.874415397644043,0.21875561773777008,,0,118.2529067993164,9.07526969909668
174,349,Linear,0.033306501950437606,4096,11008,2.6875,8.157698318929407,10.950320182238006,1.189142293343201,True,21.99528694152832,dense,11.465245775822295,4.19190342259728,1.3423296319782385,model.layers.24.mlp.up_proj,4096,15556.196580354124,4096,87,0,1,0.7673858088311629,21.99528694152832,707.2513589710513,success,4.689913272857666,0.22288724780082703,under-trained,0,21.99528694152832,10.85779857635498
175,350,Linear,0.017708494300972877,4096,11008,2.6875,6.523674144410604,9.772527442063149,1.1894694915683157,True,31.47818946838379,dense,9.955060782293657,4.1879246849981255,1.4980097450814767,model.layers.24.mlp.down_proj,4096,15414.3311567083,4096,249,0,1,0.3500486257308047,31.47818946838379,489.68290162273206,success,5.6105427742004395,0.2853454053401947,under-trained,0,31.47818946838379,8.580660820007324
176,356,Linear,0.018840801282353103,4096,4096,1.0,3.579696480181829,7.689149394358212,1.13873447807897,True,140.60125732421875,dense,7.71499107944222,3.914240729769713,2.1479892043717754,model.layers.25.self_attn.q_proj,4096,8208.063918795724,4096,366,17,1,0.13484289512519593,140.60125732421875,58.37831094119152,success,11.857540130615234,5.7806839322438464e-05,,4,140.60125732421875,5.549351692199707
177,357,Linear,0.03191941531631559,4096,4096,1.0,3.8466773290220684,8.383631636242887,1.1415424129380323,True,151.16372680664062,dense,8.39273194332643,3.9171096302140884,2.179447590519436,model.layers.25.self_attn.k_proj,4096,8262.46495050338,4096,384,17,1,0.14526889413443692,151.16372680664062,54.659045030506675,success,12.294865608215332,0.00024482759181410074,,2,151.16372680664062,5.5377397537231445
178,358,Linear,0.047990037963878074,4096,4096,1.0,7.635235285308196,7.677970479887083,1.1623088394439363,True,10.129712104797363,dense,8.712379529078323,3.8005464529443675,1.0055971025098753,model.layers.25.self_attn.v_proj,4096,6317.517490141402,4096,102,4,1,0.6569861914820043,10.129712104797363,623.6620966897439,success,3.182720899581909,5.284936196403578e-05,under-trained,3,10.129712104797363,5.852677345275879
179,359,Linear,0.033647099349874976,4096,4096,1.0,8.511415510013084,11.630427648871844,1.1630904559684474,True,23.25147247314453,dense,11.631601245632288,3.788308367064086,1.3664504611705846,model.layers.25.self_attn.o_proj,4096,6141.979563546189,4096,101,5,1,0.7474137783583151,23.25147247314453,264.1544345477552,success,4.8219780921936035,0.000196467328350991,under-trained,2,23.25147247314453,5.561485290527344
180,362,Linear,0.017072831418288414,4096,11008,2.6875,4.566807337823356,9.434492947619423,1.1841405713679112,True,116.38143920898438,dense,9.451481350803988,4.259144518869188,2.0658837235109018,model.layers.25.mlp.gate_proj,4096,18161.199069932103,4096,355,0,1,0.18930647768468406,116.38143920898438,156.04893008171445,success,10.788022994995117,0.23439718782901764,,0,116.38143920898438,9.4268798828125
181,363,Linear,0.033956565104121594,4096,11008,2.6875,8.813347068335002,12.251829503744,1.189856010780466,True,24.555280685424805,dense,12.401545737023756,4.195723071881495,1.3901449028102997,model.layers.25.mlp.up_proj,4096,15693.617808014154,4096,109,0,1,0.7483829197606888,24.555280685424805,639.1137616817942,success,4.955328464508057,0.25021645426750183,under-trained,0,24.555280685424805,10.337337493896484
182,364,Linear,0.020712989387341008,4096,11008,2.6875,5.182836711452559,7.520363587837978,1.1876972100868248,True,28.24964714050293,dense,8.348520315302487,4.192231319979371,1.4510130275221995,model.layers.25.mlp.down_proj,4096,15567.946124561131,4096,381,0,1,0.21429321631400927,28.24964714050293,551.0846223010194,success,5.31503963470459,0.2837015688419342,,0,28.24964714050293,7.843755722045898
183,370,Linear,0.023250124533497174,4096,4096,1.0,3.092717344461949,6.865107431394562,1.1267666282327273,True,165.86912536621094,dense,6.930516275101204,3.900473385740065,2.219765554614209,model.layers.26.self_attn.q_proj,4096,7951.945332483483,4096,477,21,1,0.09581894487349875,165.86912536621094,47.94108195197228,success,12.879018783569336,0.00010797831055242568,,4,165.86912536621094,4.567575454711914
184,371,Linear,0.035771739453608564,4096,4096,1.0,3.2314293796788762,7.260758491220761,1.1291890948833196,True,176.57064819335938,dense,7.306088272591627,3.9072957987260026,2.2469185113190684,model.layers.26.self_attn.k_proj,4096,8077.850267106349,4096,501,20,1,0.09969291248323188,176.57064819335938,45.74854512772949,success,13.287988662719727,0.00022363742755260319,,3,176.57064819335938,4.571189880371094
185,372,Linear,0.02632727236245569,4096,4096,1.0,5.1662070848525214,5.79860966278555,1.1589987957375691,True,13.255966186523438,dense,7.04959114341698,3.8144117657260725,1.122411387609152,model.layers.26.self_attn.v_proj,4096,6522.465126184217,4096,140,5,1,0.3521087643843198,13.255966186523438,492.03996407408044,success,3.6408743858337402,9.799705730983987e-05,,4,13.255966186523438,5.865298271179199
186,373,Linear,0.03692681798779074,4096,4096,1.0,7.143359724362574,11.940169735411166,1.1619494719413852,True,46.93600845336914,dense,11.940250499179202,3.808653655085301,1.6715061534265137,model.layers.26.self_attn.o_proj,4096,6436.557526327851,4096,117,9,1,0.5679538074310148,46.93600845336914,137.13474448349314,success,6.850986003875732,2.6535808501648717e-05,under-trained,4,46.93600845336914,5.731687068939209
187,376,Linear,0.01167290651131897,4096,11008,2.6875,4.7811371283736435,10.025849904510208,1.1845653012029036,True,125.0141830444336,dense,10.037539822857184,4.261811470693596,2.096959287156152,model.layers.26.mlp.gate_proj,4096,18273.06801342964,4096,317,0,1,0.21236981897446774,125.0141830444336,146.1679592541502,success,11.180974006652832,0.2730178236961365,,0,125.0141830444336,9.765279769897461
188,377,Linear,0.030897189160988936,4096,11008,2.6875,8.63163188886336,13.255059166183218,1.1902741678256534,True,34.327144622802734,dense,13.264664551024685,4.1987777976404965,1.535637679739918,model.layers.26.mlp.up_proj,4096,15804.392167061567,4096,122,0,1,0.6909354865801192,34.327144622802734,460.4050916767214,success,5.8589372634887695,0.24314498901367188,under-trained,0,34.327144622802734,10.075756072998047
189,378,Linear,0.0197676109030408,4096,11008,2.6875,4.861893777672446,6.802250223557302,1.1871748242816675,True,25.06656265258789,dense,7.999016757840137,4.194885616292645,1.3990947837642334,model.layers.26.mlp.down_proj,4096,15663.384763374925,4096,403,0,1,0.19237463160052343,25.06656265258789,624.871665910596,success,5.006651878356934,0.2930164039134979,,0,25.06656265258789,7.73101282119751
190,384,Linear,0.02247780014462153,4096,4096,1.0,3.9501840872011003,8.845390771912044,1.143320214259245,True,173.47427368164062,dense,8.850914060110803,3.9322356434294234,2.2392350778212564,model.layers.27.self_attn.q_proj,4096,8555.307886080947,4096,329,17,1,0.16264891374981794,173.47427368164062,49.31744462456501,success,13.170963287353516,0.00024756623315624893,,4,173.47427368164062,5.973052024841309
191,385,Linear,0.03374960797303217,4096,4096,1.0,3.3915078434125427,7.782485016632165,1.1452383931744594,True,197.10499572753906,dense,7.791963125367161,3.940526976552326,2.2946976318360544,model.layers.27.self_attn.k_proj,4096,8720.210658972608,4096,40,18,1,0.37813059136704713,197.10499572753906,44.241449217383995,success,14.039408683776855,0.00020655304251704365,,4,197.10499572753906,10.9718599319458
192,386,Linear,0.021251048420176555,4096,4096,1.0,8.972908478962816,9.361647198529495,1.1648957927693615,True,11.049015998840332,dense,9.816050815088827,3.815937806288016,1.0433236024281407,model.layers.27.self_attn.v_proj,4096,6545.424327460496,4096,109,4,1,0.7636661310813174,11.049015998840332,592.3988460282329,success,3.3240060806274414,1.99151490960503e-05,under-trained,2,11.049015998840332,5.66373872756958
193,387,Linear,0.057838384577319824,4096,4096,1.0,8.550078182336465,12.857977874639682,1.1632671308702422,True,31.903865814208984,dense,12.858452716957506,3.814388188857352,1.5038433100182487,model.layers.27.self_attn.o_proj,4096,6522.111045862381,4096,136,7,1,0.6474138629930143,31.903865814208984,204.4301177745562,success,5.648350715637207,2.389828114246484e-05,under-trained,4,31.903865814208984,5.598668575286865
194,390,Linear,0.012207910423049362,4096,11008,2.6875,4.977793490811371,10.574815942463864,1.1851216367145263,True,133.16751098632812,dense,10.585224813192914,4.262763732426062,2.124398282488852,model.layers.27.mlp.gate_proj,4096,18313.178664311767,4096,338,0,1,0.21636344242403302,133.16751098632812,137.51986898810418,success,11.539822578430176,0.22652219235897064,,0,133.16751098632812,9.545906066894531
195,391,Linear,0.03479015285777998,4096,11008,2.6875,7.902406838914157,13.355810343735115,1.1904117183691627,True,48.98848342895508,dense,13.35756732307798,4.203154396885482,1.6900939949037466,model.layers.27.mlp.up_proj,4096,15964.466022338718,4096,184,0,1,0.5088521832532216,48.98848342895508,325.88202175090765,success,6.9991774559021,0.24033185839653015,under-trained,0,48.98848342895508,9.402441024780273
196,392,Linear,0.020330291415195934,4096,11008,2.6875,4.526682391755463,6.452639514244069,1.1862303151273415,True,26.63591957092285,dense,7.755152182292309,4.199501121729093,1.4254676948390261,model.layers.27.mlp.down_proj,4096,15830.736555851996,4096,488,0,1,0.1596454106962972,26.63591957092285,594.3379020085962,success,5.160999774932861,0.3074202537536621,,0,26.63591957092285,7.320897102355957
197,398,Linear,0.013692176423427571,4096,4096,1.0,3.605983046068359,7.977286176021602,1.1379740394529325,True,163.0182342529297,dense,7.994199263170423,3.90738227729092,2.212236184726193,model.layers.28.self_attn.q_proj,4096,8079.458923174193,4096,323,17,1,0.14500077544786483,163.0182342529297,49.56168836081595,success,12.76785945892334,0.0001350867678411305,,4,163.0182342529297,5.713838577270508
198,399,Linear,0.02857982286612415,4096,4096,1.0,3.456108712240137,7.817788367475206,1.141020539693306,True,182.818603515625,dense,7.8294595277255485,3.9176828862550837,2.262020387202453,model.layers.28.self_attn.k_proj,4096,8273.378364202805,4096,70,18,1,0.2935611400504867,182.818603515625,45.25457587523746,success,13.521042823791504,2.5794881821639137e-06,,3,182.818603515625,9.468667984008789
199,400,Linear,0.019908186454067667,4096,4096,1.0,9.579814367331247,10.86825071015405,1.164124924597362,True,13.62997055053711,dense,11.017767089089382,3.843120925170447,1.1344949174815522,model.layers.28.self_attn.v_proj,4096,6968.205101489983,4096,74,5,1,0.9973831610625532,13.62997055053711,511.241390849182,success,3.6918790340423584,5.1274721045047045e-05,under-trained,3,13.62997055053711,6.504987716674805
200,401,Linear,0.041209091268303244,4096,4096,1.0,7.446331955120908,11.676922810331018,1.161492179193009,True,36.9951057434082,dense,11.677600305932224,3.8392847216130317,1.5681442730068855,model.layers.28.self_attn.o_proj,4096,6906.924704834231,4096,107,7,1,0.6231904321516455,36.9951057434082,186.69833660537404,success,6.08236026763916,0.00037366923061199486,under-trained,2,36.9951057434082,6.332071304321289
201,404,Linear,0.018234417070889908,4096,11008,2.6875,4.800410718039069,10.17706946831544,1.1847075344840425,True,131.83824157714844,dense,10.204498115750814,4.259010439104168,2.1200414018891895,model.layers.28.mlp.gate_proj,4096,18155.593027126044,4096,411,0,1,0.18746043622028188,131.83824157714844,137.71112850061675,success,11.482083320617676,0.23041972517967224,,0,131.83824157714844,8.896004676818848
202,405,Linear,0.03638544436235325,4096,11008,2.6875,6.649444649667944,12.718517031125407,1.1895682448374496,True,81.7934799194336,dense,12.719023269354546,4.211608403370314,1.9127186857267149,model.layers.28.mlp.up_proj,4096,16278.275836985558,4096,266,0,1,0.34638967609542776,81.7934799194336,199.01679025051416,success,9.043974876403809,0.2433370053768158,under-trained,0,81.7934799194336,8.885283470153809
203,406,Linear,0.013760496864211325,4096,11008,2.6875,5.634392130739724,7.820058666328724,1.1886948776977664,True,24.429536819458008,dense,8.833508964086327,4.204780857873391,1.3879152328899143,model.layers.28.mlp.down_proj,4096,16024.366077274084,4096,270,0,1,0.28204012337006423,24.429536819458008,655.9422798597948,success,4.942624568939209,0.3367130756378174,,0,24.429536819458008,8.82909870147705
204,412,Linear,0.02318475646716045,4096,4096,1.0,3.0288586794942525,6.804708941286711,1.1232615220555509,True,176.45126342773438,dense,6.885877972875432,3.8846780879796894,2.246624772345911,model.layers.29.self_attn.q_proj,4096,7667.929088942122,4096,498,21,1,0.09091533133970728,176.45126342773438,43.45635695650614,success,13.283495903015137,0.00011444371921243146,,4,176.45126342773438,4.214532852172852
205,413,Linear,0.029750786952294273,4096,4096,1.0,3.2385052557816336,7.459498160306483,1.1274683700312913,True,201.08370971679688,dense,7.4850965152385776,3.8921400329279767,2.3033768887634816,model.layers.29.self_attn.k_proj,4096,7800.815977181231,4096,450,21,1,0.10552414973899468,201.08370971679688,38.79387339813741,success,14.180398941040039,6.014643076923676e-05,,3,201.08370971679688,4.6740827560424805
206,414,Linear,0.015900180283480947,4096,4096,1.0,7.424851939487092,10.079397325788063,1.1623213800954355,True,22.778318405151367,dense,10.101920885253097,3.8464666916419343,1.3575216594129615,model.layers.29.self_attn.v_proj,4096,7022.094854831091,4096,90,6,1,0.6772388586043172,22.778318405151367,308.279774210331,success,4.772663593292236,0.00011290446855127811,under-trained,4,22.778318405151367,6.510182857513428
207,415,Linear,0.06536047097862313,4096,4096,1.0,6.500225344721315,10.869634884385047,1.162698163578865,True,47.01035690307617,dense,10.871233398187252,3.84943053867614,1.6721935483686008,model.layers.29.self_attn.o_proj,4096,7070.181107305993,4096,279,7,1,0.3292898780846646,47.01035690307617,150.39624399965678,success,6.856410026550293,0.00023001409135758877,under-trained,2,47.01035690307617,5.08575439453125
208,418,Linear,0.02607757546104561,4096,11008,2.6875,4.663149266939284,10.08399899695069,1.184076370897521,True,145.37403869628906,dense,10.127110521244655,4.261290523138749,2.162486855920323,model.layers.29.mlp.gate_proj,4096,18251.16213285923,4096,513,0,1,0.1617319910940059,145.37403869628906,125.54622748693797,success,12.05711555480957,0.24519014358520508,,0,145.37403869628906,8.299802780151367
209,419,Linear,0.03880244121175325,4096,11008,2.6875,5.640957539880772,11.884335881744168,1.1875772624377414,True,127.87747955322266,dense,11.886862650764082,4.21955619685382,2.1067940678020696,model.layers.29.mlp.up_proj,4096,16578.918509222567,4096,382,0,1,0.23745204468716558,127.87747955322266,129.64689769571518,success,11.308292388916016,0.2549954950809479,,0,127.87747955322266,8.243307113647461
210,420,Linear,0.035936523298017886,4096,11008,2.6875,6.930206174259895,8.953384827676018,1.190077474064446,True,19.585573196411133,dense,10.010756847744396,4.207786849006337,1.291936286243632,model.layers.29.mlp.down_proj,4096,16135.66426794231,4096,161,0,1,0.46736571970775886,19.585573196411133,823.8545845009537,success,4.425559043884277,0.3674706518650055,under-trained,0,19.585573196411133,9.910446166992188
211,426,Linear,0.015734302599716365,4096,4096,1.0,3.228188076130499,7.212741056324597,1.1347324883215193,True,171.51422119140625,dense,7.265615935659149,3.890195330248322,2.234300135625996,model.layers.30.self_attn.q_proj,4096,7765.96323563506,4096,107,18,1,0.21540707176518104,171.51422119140625,45.27882983515641,success,13.096343994140625,0.0002447542210575193,,4,171.51422119140625,8.094900131225586
212,427,Linear,0.027244162462542132,4096,4096,1.0,3.2823122431220484,7.482803481146919,1.138813356932435,True,190.43002319335938,dense,7.500068309781093,3.9018902245885774,2.2797354203052524,model.layers.30.self_attn.k_proj,4096,7977.930058548771,4096,61,18,1,0.2922201386419962,190.43002319335938,41.894287070732105,success,13.799638748168945,0.0002647482615429908,,2,190.43002319335938,9.733271598815918
213,428,Linear,0.03426259533970122,4096,4096,1.0,10.36573146157806,11.890415443424052,1.1653317463759545,True,14.03100872039795,dense,12.012060865718931,3.8665862849024393,1.147088894546172,model.layers.30.self_attn.v_proj,4096,7355.061100857518,4096,96,3,1,0.9558859645332151,14.03100872039795,524.2004511168825,success,3.7457988262176514,0.0003172642318531871,under-trained,3,14.03100872039795,6.425900459289551
214,429,Linear,0.062493241400460864,4096,4096,1.0,7.3426767128937,12.281947134648043,1.1632647616193952,True,47.06302261352539,dense,12.282535662695457,3.870884253777594,1.6726798162148433,model.layers.30.self_attn.o_proj,4096,7428.211381463029,4096,218,8,1,0.4295802724501756,47.06302261352539,157.83540811779997,success,6.8602495193481445,0.00037639462971128523,under-trained,2,47.06302261352539,5.679275035858154
215,432,Linear,0.03823546294394953,4096,11008,2.6875,4.35155019564921,11.271058642958897,1.176191693548491,True,389.1570739746094,dense,11.276676555780382,4.281036057546398,2.5901249293247233,model.layers.30.mlp.gate_proj,4096,19100.118318021297,4096,641,0,1,0.13237827372369654,389.1570739746094,49.08074295796429,success,19.72706413269043,0.253488689661026,,0,389.1570739746094,7.786300182342529
216,433,Linear,0.04213221207552409,4096,11008,2.6875,4.810024315269315,12.503033581361024,1.1767581314355697,True,397.53021240234375,dense,12.510337674191618,4.2341067415947835,2.5993701407434515,model.layers.30.mlp.up_proj,4096,17143.786184594035,4096,518,0,1,0.16740285768898636,397.53021240234375,43.125744030852836,success,19.938159942626953,0.2812027037143707,,0,397.53021240234375,7.56564998626709
217,434,Linear,0.016270526469487567,4096,11008,2.6875,7.467847555608632,9.790031443876048,1.1906469149241456,True,20.462448120117188,dense,10.592566849696192,4.20262260599473,1.3109575913240716,model.layers.30.mlp.down_proj,4096,15944.929596588016,4096,129,0,1,0.5694622242311591,20.462448120117188,779.2288343500855,success,4.523543834686279,0.4618719518184662,under-trained,0,20.462448120117188,9.978516578674316
218,440,Linear,0.010793697145278225,4096,4096,1.0,2.668432495182724,6.280644829493234,1.1076264509143388,True,225.77883911132812,dense,6.414569091200268,3.900515434061866,2.353683235694205,model.layers.31.self_attn.q_proj,4096,7952.715275822313,4096,517,29,1,0.07337757723826234,225.77883911132812,35.22347491520651,success,15.025938987731934,5.279250399325974e-05,,7,225.77883911132812,3.9212148189544678
219,441,Linear,0.01279076981303684,4096,4096,1.0,2.8662824673072205,6.961760120106809,1.1120699311420599,True,268.4395446777344,dense,7.023280489669555,3.931608098312182,2.4288464935024905,model.layers.31.self_attn.k_proj,4096,8542.95459848964,4096,387,30,1,0.09486846936705239,268.4395446777344,31.824501150698875,success,16.384124755859375,0.00014819405623711646,,6,268.4395446777344,5.263182640075684
220,442,Linear,0.027363719538461728,4096,4096,1.0,6.693644399686413,8.074128078026254,1.1608985683323287,True,16.07822036743164,dense,8.463410436607449,3.786005324478253,1.2062379767895222,model.layers.31.self_attn.v_proj,4096,6109.495151399679,4096,135,5,1,0.49003088753805785,16.07822036743164,379.9857827409303,success,4.009765625,0.00021354448108468205,under-trained,3,16.07822036743164,5.45353364944458
221,443,Linear,0.0575015716748305,4096,4096,1.0,2.9716895329480337,6.086199562596209,1.151091254253582,True,111.70185089111328,dense,6.162783213394185,3.7947054526060082,2.04806036940153,model.layers.31.self_attn.o_proj,4096,6233.119491900104,4096,35,14,1,0.33327635955494245,111.70185089111328,55.80139847437385,success,10.568909645080566,0.00017688990919850767,,3,111.70185089111328,6.952546119689941
222,446,Linear,0.0373603139067642,4096,11008,2.6875,2.6659271730293312,6.936581567051183,1.1716919794138532,True,399.88916015625,dense,7.059130296787718,4.317956891151097,2.601939631820117,model.layers.31.mlp.gate_proj,4096,20794.90262927115,4096,29,0,1,0.3093549097740217,399.88916015625,52.00166621457278,success,19.997228622436523,0.3851146101951599,,0,399.88916015625,24.69310188293457
223,447,Linear,0.031956191908051323,4096,11008,2.6875,3.873839013571069,10.069955734983616,1.1715371358697209,True,397.62811279296875,dense,10.088468483485077,4.267114289252025,2.599477081960797,model.layers.31.mlp.up_proj,4096,18497.55337893963,4096,702,0,1,0.1084660638298427,397.62811279296875,46.51973234239267,success,19.940614700317383,0.581536054611206,,0,397.62811279296875,7.093317031860352
224,448,Linear,0.03577408612111277,4096,11008,2.6875,4.955968305004985,8.859589569036833,1.1864595325526563,True,61.32826232910156,dense,9.027521951920571,4.201527862115285,1.7876606595909055,model.layers.31.mlp.down_proj,4096,15904.787175387144,4096,456,0,1,0.18525518927672763,61.32826232910156,259.3386241736053,success,7.831236362457275,0.5048055648803711,,0,61.32826232910156,7.596750736236572
225,453,Linear,0.03126982450717952,4096,32001,7.812744140625,5.442811623837416,17.933179651574097,1.1761583617547997,True,1971.6846923828125,dense,17.93317972872129,4.593156205602343,3.294837464709174,lm_head,4096,39188.280287235975,4096,638,0,1,0.17589259656088213,1971.6846923828125,19.87553103121996,success,44.403656005859375,0.6884510517120361,,0,1971.6846923828125,13.499422073364258
